08f977e6df094c95,cast
0b971301f5c14bb9,ab
0b971501f5c1501f,ad
0b972101f5c16a83,ap
1118a13c85143819,dst
127c692b0ccf1464,hybrid
135c8b1a5d76c529,tertiaryweaponslotenabled
1fbcf12a3e3c8962,cat
2f5c6f65103c980c,max_speed
386c0eeb444cc850,oc
386c10eb444cccb6,oa
386c15eb444cd7b5,od
467a485801df93bc,isdmzgamemode
4c773c6e004a4bcb,setstate
4d9b73147ea83832,azimuth
67c5e11ce59b7c9f,friendly_player
81b19b3facf32f9f,hack
9745f43e306f4c26,fn
995a440a1778e156,infinite
9e034e3b2fcf320b,mua
9ea613810a8347bd,isconnected
a00a78a5ce7bcf22,sentinel
a4f5c01d298a4a46,collection
b3502c25c769c8a4,src
b682e7196f4556db,dart
b93a03605a117bc2,n_last_index
be72959112d2d9d9,room
d31f0d4f00dc5b64,lvl
dbb89be6fec737b1,kill_streak
e20554660805e302,acknowledge
