0ab9ec058017ae13,notifysuccessarray
0d846e5ddf3fe819,buildoperatorcaches
10f85acdeccd847f,processwalltraversal
1820160e3d227430,endblackfade
19dac495352462f2,forceplayerskins
1ac102ffa6ca2786,processgroundtraversal
1b0168a1d34b37ab,forceoperatorskindebug
1b44a8bef83e8e02,removeendstr
238b458b43465af0,showarmorhits
245a8ceff5a9a894,addworldobject
2ba35b1d809c6200,finishcombathunt
2f48c14c4400c4e8,allowplayercontrols
2f7d098653e1480d,spawnburningcorpses
41bec0232e24ee41,removestartstr
48fd1ee9c66e1448,triggerentname
5609d8c260be3f0e,allowfullpain
5c2a5a3e858d8962,spawnstatichusk
5c2bcbf1d014e0c6,removeassassintarget
5e3d4215e59b4473,allowswimsprint
62591663e6a187ce,allowagentdeath
63d3efab778fca39,endremoteimmediately
66f7c63df61623d9,removegametypeattachment
6af484c18f98020b,allowswimjump
6e1f97e6ac822aed,endtrimframes
6e8217c1a6d26f54,forcebotskins
704d402fd2e0b1d1,addassassintarget
7253350d567fa007,attachextralist
7412a0b60cad7aec,buildoperatordevgui
7c700a4f4609375d,activateafterstick
8440c8d69e44d3b5,allowthrowweapon
885f2644ce3eb19e,allowremoteselfrevive
8d857b0f49d5bc35,applysightconfig
8eb97accba5b7984,allowtiredamage
8fae1508552d427a,hidefromhellstorm
99b866e5ee9fe6d3,buildweaponsmap
9a4868e46f325cd0,allowcollisiontime
9f35e59f5c1e4176,endtrimtime
a013e99fabd91cd5,attachnodetargetname
a096955ad60758c3,hidesoldiername
a9427f67bd9fcf83,allowchangeangles
abb054b2a5bbd34f,hideassassintargets
afd5a968e27dae5f,spawnstartlist
b100a7701a3ca96f,allowvehicleleanout
b36f1004c0031c91,killonstuck
b5253a6833765cd2,allowzombieperks
b5a941fe80597833,allowcorpselink
b7f22211336c491a,allowotherkillstreaks
bba76b2d884ae9dc,attachinslot
c0d7bc8e31affd7f,setupcollisionconfig
c36ea1f016ec4571,forceridevehicle
c46160a261771d5d,addpointssharedfunc
c4edaf982d93da33,triggeronexplosivedamage
cd8cba22623f716c,hidedecoyonplayerconnect
cfde89929188f64e,addbaseattachments
d617f2628e8fa9d3,removeinlongdeath
e3a1804111bee4c8,notifytosend
ee7bc8b53cebd37e,endfadedistance
f82d6641490331a9,forceslowprocess
f92369164340ad6e,forceequipmenthitmarker
fead0eda3970133d,allowsoftdisable
