009e9b1ca17b85ef,excluded_items
07a9a09f74e065f7,vtolwarship_watchexplosioninfluencepoint
094abf3d922d2da6,vtolwarship_firemissile
0bd94b71ffdfd39c,shockstick_forcefire
0c16941deceaec52,vtolwarship_lockedoncallback
0eba0b0486f25058,c4_init
107928f86cbd5dbb,possible_nextnode
11a39ea515767fcc,vtolwarship_watchearlyexit
19007301ab74a4c3,player_migrated
22053d43632779df,all_radii
254e929f524b83ea,vendetta_onplayerspawned
2551fdd9c40d52f3,set_dontevershoot
2694523c47f8cbd1,planedistance_clear
26cb68d08ada66a3,thermobaric_watchownerdisconnect
2850c423528148c0,sum_z
2850c62352814d26,sum_x
2850c72352814f59,sum_y
297a907f5fda5fd6,vendetta_onplayerdeath
29f2aa6304195825,vtolwarship_returnplayer
2a7a34efc7638f7f,vtolwarship_handlethermalswitch
2c42f1b7d9a6dd72,gamelogic_mp
2d629b17d5984d1a,vtolwarship_playintro
37fcb8899abfe63a,player_launched
3d2a2aefa97bb47b,support0_name
4249813a2840cfc8,traversearrival_traversetype
4792fb9b7edef433,smartgun_watchplayerdeathordisconnect
488121572102c714,dart_watchfortimeoutdisownedendearly
4c53dec33de9708e,vtolwarship_watchlifetime
52da1e5ada18296c,vtolwarship_handlemissilefire
5b6d42d897321234,vtolwarship_attachgunner
5b9630382a5905aa,smartgun_updatestate
5f8cf2283b94bb20,overlap_z
5f8cf4283b94bf86,overlap_x
5f8cf5283b94c1b9,overlap_y
62bfa6e254621273,a_timestamps
6837a2da94ad3d4c,mid_a
6a1884bd07294e62,player_impaled
75cd5d826f93b64c,over_everything
772f2e9becd13570,vtolwarship_premodifydamage
86f8280456d2be0c,dart_watchplayerdeath
8c10f5118434ccf3,vtolwarship_postmodifydamage
8c88c1557bf4a72b,dart_watchgameended
8f388ae45f2cc8fa,support1_name
906b98dab240d0c5,c4_armtime
925873cc428e541f,dart_destroydangerzone
926e6a33547a89f5,pairs_array
95b96817b2ff3b73,vtolwarship_watchturretfire
962742d9501c1412,loaded_subclasses
9bd258cf8a1bb961,dart_createdangerzone
9e2dc3451d5a7f99,vtolwarship_movetoposition
acc2aa2f5bdb1cd6,vtolwarship_handlethermalswitchinternal
ae30bcb76a4b3d30,entity_refs
b0d827e1f17fdb08,vtolwarship_lockedonremovedcallback
bac899f3adb1b130,was_refueled
bc8f311de3e95b27,half_a
bc8f321de3e95d5a,half_b
bcbe6775f9073c1c,c4_empcleared
d1124aabcac5bfa1,vehicle_watchlifetime
ddb871232b119f6d,vtolwarship_setupdamagefunctionality
e402b58c1d031595,vtolwarship_watchintrodisown
e558c535904e4a56,c4_haywireapplied
e7229273e829f2f9,histogram_create
e9961c58f7e89f06,vtolwarship_watchownerexitaction
efec3ad2e536f69e,vtolwarship_watchkills
f3874779b1531e7b,vtolwarship_watchgameendleave
f608a4c8a4ca546c,add_collectible
fdf0754411172121,a_tacpoints
