012b8597189f6fb0,quickturnframes
03afaa9691e781bc,returnammostock
03cab52442d84430,parmvals
073762c7cb8b2063,stickerslot4
0792e7767ece74ff,shouldautoreload
092946b89cea7cc7,nativepathresult
0989866748e951c4,comparelw
0c64822aba0a9f0f,protable
0ce9c74d9845f1cc,exittraceoffset
0ec47d32c8fdf04f,dontcleanup
0fa63a83936634b3,isplayerspawned
0fae290d6f0f51c6,fromscene
10b5e3c2fb513844,stackpos
123315e202afa466,autoreloadturret
13a0da78807e8b5b,serialvalue
141b78e4a7fa3dd9,holdallowed
14e157060657afca,guardlocationmarker
154e2a469809e325,lookaheaddistance
15b2d570c455ab04,lastdistsqrd
165d175f47e45ebb,compareindex
1776321c4ff3f265,primarybase
17c0fdf72c892316,planname
19b9952a195e424c,adrenalinesettings
1a8adad035115f9e,anyonespawned
1b0fb022eeec29df,candidatepos
1c7fc389520dbe37,initdamageradar
1c9dec23ea02f58a,caninteract
1f79005287503a96,iskillingblow
1fefab495a360e51,linkedscriptables
22f41abfc5a5f544,requestedvehicleturret
24f081efd87509f0,vtollockedon
25b0062cbe4d9c99,rootnamehash
25dfd34690cd41fe,visitedroad
2606db4e2dd7c76e,finishstate
27da0bd618809c28,gesturetime
288c9e3f82cafb17,firemissilenotifies
2a13da67a7caf273,equipmentinteractenable
2af71b82c38c0689,hitmarkercategory
2d481e9eb0ac860a,newcollectible
2e9442213dc0616f,lockedonenemies
2f34d1b2e8c87f53,watch_sinking
2fcbdd66235f0e05,fallbackbase
314daddf3f91237c,stagee3
33374a9a2599275e,curtacpoint
35a5abbad083d57a,debugmanualtarget
369f9516c897524d,adjustedcandidate
36bebd4f7691d89c,prevendnode
373d2bc4e76f6fb3,newplayerorigin
37ae78e0de4a6e53,weaponobjoverride
383bcf1ec519cb8f,firstxcam
38c11f6ff9929d14,bodycandidates
38c7c2573ee56b34,cinematicvarianttag
3aec0c6defed4e13,convoparticipants
3c04a2b892cbba04,buildweaponfunc
3da55e99e62ac433,hashcurrentweapon
3e9e7a054da76197,fallbackexecutionref
3fe9162918fd7f10,myslot
3ff7bfe97b520980,frommap
40ab6b812ffd24f7,placedlabel
411fab6939a4e4a6,toscenes
41d9b8754a37a071,isvalidoperatorcustomization
426913ab397d3d28,prevarmorhealth
445ad15ec9682cce,handlehitmarkericon
4594166c803842b9,overrideonendriding
45e18ebe6e47c2b5,healthregenscalar
45ed96868035eded,landvehicleresuming
479df90b918cb380,lastpingtimeseconds
480356a8ac4a0fdf,frlights2
494e1db9cf223798,halloweeneventheadpop
49c5e579cf6c93c4,medianx
49c5e779cf6c982a,medianz
50e5e30289743ab3,c2pavoidanceflag
52eaa818341b84c7,nondoorindex
53422964ae8ae5c4,hasconflict
53e49a4ca5af0681,tempoperatorref
55138ba7de9f38ec,startpresstime
56524e214b5e7d81,splinenodetargetname
57c628ef01bc26e9,cachedplayerlist
595e8162f476472f,originentityloc
598d79add3230927,enemytargetwidget
59e0b0937358a3c2,numreacts
5bcec63036dcdae6,linkinfo
5ddb53a32812c124,suppressiontimems
5e6102e624246cbd,randomkeys
60a365c83f91e701,yawfrac
613f2ac0acef366f,getverifiedprestige
61e04811dfd8a7fe,fallbacklabel
62c2f1639b38e5a1,invertangle
639bfb8ea92df0b0,equipmentinteractdisable
66ef1c80fb18570c,prevent_refueling
6820384ee51d5bd9,attachmentdriven
6a26e6da73c29789,enemytimeout
6aaf6e51f47e0df0,overrideonstartriding
6d064c17888325b2,vehicleduration
6d1a54a5bfbb0314,bestspawnent
6dfa62c02eea73d9,occupantsubmix
6e4d38dd2bfbd887,settingenabled
713f3d50dd72d64d,matchingoperatorinfo
776df2d1b31505cf,placedpos
77859fc99c983bce,operatorskinassetname
77ef084061a548c0,incomingroad
795640b75d113220,equippedexecutionref
7a47c58a59adf29c,hidequestcircle
7aacc14b7e8ad7a3,retreatstep
7b0518dea64e7beb,showntoplayer
7b84897825981653,ejectiondata
7c2ef4ee963a93a3,skitstep
7ca93e220eda8d82,vehicletypehash
7e3499d0dd9adedf,scoreeventcallback
7fe2e6deb11c17ec,fusestarttime
80684ddb68796647,canpickupsdbomb
8090ebe43c84122e,modeldef
80ab2f7f937ed4e5,hasheadmodel
80ac9e7beec94c00,roadconnection
81f16ec9d4d6a42c,hadmanglercannon
84f0177353fd5abd,farpositions
86c674a64c35ed94,perkbitfields
872b3dd7d8e6e720,glasscollisioncontents
872d17c7eb1da015,viewarmsmodel
8799d8d2a29f8279,juggernautmodifydamage
87bc3552a49f9d07,stopatlink
88b48b064885aa5c,enableejection
8a2fdc09bc59deb1,toscene
8b55fd8b3eb0b10f,fromscenes
8bdba99ed23d3ab9,likelygoal
8ddb810836e488a1,bisleader
8e59acd7d1867d65,shouldplayscene
907cbe52a4f7eced,weapondataname
9211db32e3cc98c4,skittags
93763494f81d2648,iscold
941f0a8363236c43,originalthreatbiasgroup
958079c95321d478,nextnodedirection
95bc5806ec9e7bd4,groundpoint1
95bc5b06ec9e826d,groundpoint2
97201ec205069535,hascustom
9a3cae7d841ee412,scriptableoffset
9a4999f97241bf32,catdata
9bc09bc79f28a18e,shoulddoscoreevent
9d84d0368e2af60d,usingc2p
9e0a7c53714af77e,weaponcharmname
9fb4b3f40c0501ae,windowkeys
a20f0c474fa24226,stealthisenabled
a608a0a1494dac22,upboost
a675302a6350eb16,msg5
a8aeff57858be848,threaduid
a945a0e108a5d185,adjustednav
a970d62aeb8f7253,activatepressed
a9a8165656e26139,setomnvarbits
a9c545f88b5b304f,holdonlastframe
a9c672ba703a1aa3,fnplaydeathanim
aaab39a49b11387e,skipdistribute
ac96d340eccdeba6,previsboosting
af04b72042cd20d4,sectionstruct
b0947f2c9c0c3701,iconobjid
b0d06f51bf884f15,failsafewaitcount
b21bcfd0a5f56683,objectivehinttext
b292656ead795c0e,incomingpathnodes
b4611644a8510bd2,assetdistances
b469efb235b33e5d,deltaanim
b5086f44b5864acc,xcamanglesy
b5087044b5864cff,xcamanglesx
b5aa77dfc7841eb2,timeoutstarttime
b887a4307cdbd6e3,nearbyskits
b977457fdcd3c3f2,donotfade
b9ff90ef3e3ca0dc,speedsuit
ba65c0d36e610d7d,fnplaypainanim
bb86f77304f193c4,obgametypesettings
bbf33f428d6f0394,cap_playpainanim
bca8db3c6ea295e0,othercat
be654af98d11ae80,operatorskinnamehash
bf3f2940a88af9ec,otherdist
bfa009ab91570aa6,skipgoto
bff0eea268da55cb,getminigunweaponfunc
c008f1354680070e,leaderbase
c1609a6c72459f92,hastablet
c20dd8e16c993df2,stickerbundlename
c28990a4f3841e52,station_configs
c62985950d801966,soundassist
c6e6e5892ffb8f71,equipbundlename
c7a6006099c69be4,floor1clutter
c833e6f08a4e3e09,newnormalhealth
c8490391be6bc57e,trysetcustomization
c8dbeacc32ede645,getomnvarbits
c94c36b93b3c2863,stackablehitmarkerconfig
ca554cf947d19584,cap_playdeathanim
cb8989ca1cda2f69,planedistance_aimpos
cd2c6e107bd8a62a,storedvar
ceca05bdac98ef87,medianposition
ceec1187bd7a80cb,allowlatejoin
d05d327bc7f6f44d,hasnogun
d09b52449f919e3e,charmbundlename
d1afdb0ca47bcb2b,groundonly
d1b3f29a9c852576,missilelockoffset
d2205cd4623841a3,skinrefkey
d260e94b172465c7,scanslot
d475ccedac0aeb2b,playintrosequence
d57d9fe126620696,set_dontmeleeme
d8a8c316c2436b4b,loadoperatorcustomization
d9ee0921d2499a2b,objidvendetta
da00d47571effc27,enabledtype
dad5bebba8e38e6e,currentaimpos
dcfd166b4975408d,sequencestep
de2ce60209cec7b0,stopatend
e02a6d8483578273,usinginplaylimits
e13db74fb9e5288a,sampledorigin
e17ac08f4e94818d,collectiblesettings
e1d6d24a72f3ebbd,clipfull
e20d95d186aad9b8,killstreakweaponstowed
e20ef62f64ae0e0e,currentseat
e2cfe4439bfa8b61,movingplatformgroundent
e39c8d68e9b6f4ea,roadtargetname
e3e5ea0a85427ef2,headcandidates
e4cbec18a73d856e,debugentity
e5b6f110682572c8,sampledangles
e9125219d4a0d048,previousmovetolocation
ea98a61e6cfc5d63,roleinfos
eb12f4e776f82ef9,turrettargetteams
eba3cdcee01e4ddb,vendettaowners
ec968b73046c4f79,surfaceflagsarray
ee17b99754dc6511,cachedweaponobj
f03d631526199714,forcegameparticipant
f4be176011a3cdda,ejectionfov
f5b795d65b13a349,skinchosen
f5dd571925f6f2f7,compassmaterial
f8a7bf5180afeefa,bulletweaponvariantid
f9d3e188a695367a,sectionarray
fa7f16d752e2c559,papindex
fa9601dc1cd73462,spawnentities
