00fd048ed205a845,takeplayerweapons
016e18e3fd131b8f,timesince
021df6043b04997f,farpos
02d05757ef8f5c98,omnvarid
05309b0113fb4fdd,timevalues
05421c1b269d4086,sensorgrenade
07afd740bd4ab108,set_position
08f3a143dbdb5ba5,watchdeath
093b161ccfeecc92,skitname
0b54a1e23734ef07,_playershow
1048967191f5b394,array_is_touching
11477fda3d7e5956,equipmentinteractinit
11863370c607058c,cantriggerjuggernaut
1209b9aa14fc6a76,notifykey
14c0d4d94b7655cf,step_index
14f7e51eb46b01b1,isremotecontrolling
15c6e27c1acff47e,traverse_navtype
16bd1266420ab821,setcharacter
17d491754460bac6,delayend
1814d7a223afc601,activeanim
19afe83f5a318048,base_duration
1d9cce4d5f1a2e01,healthstate
1ff4e2b86b622b50,maptable
220cbca2b381678a,sessionuimemberindex
26c44b2efb1f4de3,line_start
27490c47d34088c8,get_array_from_partition
28080994a5b20e98,difficulty_region
2a5a33551d471c26,grenade_stolen_by_sam
2d7d63e0a26cf67d,fadetoblackforplayerkeepui
3096c8fdc9eba2b4,hint_data
30c65d47028f9ff4,seatenterarray
33261553dba8c621,xcamdata
36aa82b88f9b1a29,vehicle_upgrade
36fa126036e8bb87,playeranims
39391a3c00d2aba0,modismult
398287cfbe140fb5,target_state
3b5eb4a0c9aff8b2,outerrange
3e2b66d8be0f57c7,newvelocity
3eb0cc12c8b2af7b,scriptable_state
3f94b9e2741a9e24,bestindex
427dba008a797f4c,start_callback
44aa5bb822b01ff0,crashtime
452cc08e765a7b1e,captain
468292eb981ddd5e,disablestokill
47c21f91a5f180b8,buildprogressioncamosmap
499c615a62f7a63f,notifyhash
4ae0634fb9421251,squaredist
4e87486ece806fb1,vehicle_paths_physics_helicopter
4f0a2b09212cd39d,operatorname
4f0d3efc7aa6de83,heavydamagethreshold
4fb5900c2399b1ab,roada
4fb5910c2399b3de,roadb
500b22e351d5aed7,unlocks
51d0b0d40549486b,in_range
525be2e0f5721dac,world_offset
5284c181e622aa3c,spawnedtype
5878d01ba8e070d7,enttype
5a82f050df209176,new_value
5bdcdba698716361,endofpath
62249f31835e0b42,entity_num
645aa97b7000ab1f,closest_point_on_line
655d8b683099ad22,spawnent
65ad0d21cafc3542,pathcomplete
67ab718b40b6af3a,vertical_offset
684037bc9eb43d2e,closedist
68472941ef255210,self_player
698648338e3e7b6d,vehicle_set_speed
6b45803dcf5cc5e1,distthresholdsq
6bad4f77f1786aa9,outbreakdata
6bc01e70cc97e942,dropweaponwithanim
6ffdd837c4fe2982,playersource
714e4ad5ea1fa2b0,scout
7196b07630efcc5d,grenadeweaponobj
719a05f1b56bdcf8,variantobject
72fef12b3927b40b,current_angle
7349c7a6c93f7047,innerrange
74250d8d54a34adf,notify_count
75458f16bdf1368c,getinteractionorigin
75fc6e6e0569229d,vehicle_turret
769936ec1a9e880e,worldevent
7a20efa3b1aaed57,countdown_timer
7b4b46d371519325,vehplayers
7dddfde29f4eed2b,n_total_time
7fce1e0957fd103b,host_migration
80d164346dfa9994,hintscriptable
80f47e6604a0bd05,traverseproceduralthink
83194c3a32be2041,rolename
83acd124c7845a3e,removebunkerbusterattached
86431c2d7f105aee,set_weapon_class_mod_damage_for_vehicle
8663dec0d6c19679,getentarraybytype
87198de5ab44f907,airdrop_escort_init
890559684b1ecb60,get_partition_cell_coordinates
8da96141eaec0499,player_damage
914774a0ab12969e,respawninprogress
91c2eed4926ac7c6,show_cash_bag
91ed3ce85513d655,currenttimestamp
92fef8fe5211a388,get_adjacent_arrays_from_partition
93d8eea713f8560d,get_closest_object_in_adjacent_partitions
97ed304f8cd4bd9d,isrunning
985141fcf9952d43,center2
985142fcf9952f76,center1
99a624d3834b9ef5,valuesid
9b3e83d2ea1020c9,vehicledlogid
9b666c22906cf860,collectible
a264bf3497092f5a,dropweaponwithgesture
a31809e1d58f0980,activity_type
a341582331489de3,dooreye
a4a8a4c917fab476,remove_from_partition
a59cab947b916cb6,activeanims
a807577e0d3b0f46,damagearea
a9af74e279502c1c,empweapon
aade00940cc00789,crateangles
ad74393df579cd03,victimkillcountthislife
b1188d6a6c31ca63,stopsceneondeath
b49e8e86c6df8205,pausedtime
b503ee22461f552e,playeranim
b9a68085ae16a617,useobjid
ba043a2dd29526fd,darthealth
ba821a96d0af754d,isinvisible
bb407074324a849e,remainingdist
bd160eb7f794536d,obb_center
bdc17d0eeceacde9,iscoverinvalidagainstenemy
bebce04e93b55bfc,isinsuperusewhitelist
c1b11cd475166f1a,armor_data
c20ec125db5ff99d,teleport_volumes
c327094fd1d7664b,attachment_name
c3980763f1f19498,is_area_swap_in_progress
c39ab5c52b7dfb33,script_notify
c3f408e0ce9520f2,savedmodel
c581b0a7a05b6435,v_original_origin
c96b6022c07eca11,skinindex
c9fa9c5bfab3cbcb,new_health
ca1c87e447436a42,get_center
cacdc8ec017b1062,target_state_index
cd4be93c26edbf4e,goaldistance
cf59244f77f3b762,nextfiretime
d11288fdd9860d47,e_actor
d642494f42aac3ca,arrayinsert
d6bfc6b808e468e0,newmaxhealth
da58b9202a82e973,missile_weapon
dabb6a9674e78b3c,variant_tag
db52d3a6d38a4478,vehicleturret
dec9dc19786bb57a,isoxygenmaskweapon
e28cc7fd38e69ee0,attackerguid
e5001b1b74f008f7,frag_grenade
e9cbdd915151cbb5,randomstance
efd00b722f4d0ede,glassindex
f0c9dd66f3a1e048,checkloc
f229fe12296485fa,showlegs
f48b3d0b71cd26b3,delaybetween
f6e6be97f8ba5c96,f_value
f79d11cdef5e7a4e,vehicleweapon
fb6d639c6db75367,goalindex
fd9480534f30ec9b,data_type
fde35f1461ef68b1,watchforteamchange
ffd7365dc9f75cc4,itemstruct
