00460d6a4570f9d8,explosivetriggersharedfunc
006e304ebdebb410,registermine
00767517747fc0fc,totalspawnedai
00d07df96de22045,stealthsettimetolosetargetatlkp
00d2b2c63c412fae,bcs_debug_print
00dd186d323baedc,playerclearstreamhintoriginsharedfunc
00fc408f57f842ae,mayhem_shot_setup
00fd048ed205a845,takeplayerweapons
0106bf2cb6a5e5bb,mayhem_delete
010cce50b65a98c7,ai_follow_vehicle
01210e1b3a51df4a,turret_update_scanning
014663b629d6d1fe,player_connect_rejoin
01490df5c33a733d,enemytome
015781388b197771,build_metabone_info
015ce677c9f4c0c3,on_metabone_destroyed
0169ab69956ed127,set_metabone_active
016e18e3fd131b8f,timesince
017f560af1dec656,waveinterval
019abbc82717ff6e,set_allow_wallrun
01b5bfb0a108ea35,set_skip_death
01ecbeac18e1d1f5,showerrormessagesharedfunc
020c7794de103a07,attachment_combos
021d6bf85e009b48,assign_aianims
021df6043b04997f,farpos
0226435101235d03,attackent
022e9e9c48204b51,metabone_color
0236c75524736408,target3vehiclenode
0255bfc05d16a6c8,desired_tag_exists
025f904e1dc108b0,vehicle_resume_speed
0279695c41be653f,at_instance_limit
0284fe2713ce0368,getxhashhexname
029894e0fa6bf739,get_instance_data
0299913de46d0a77,story_contract_util
02ce71cc1f8819ec,x_y_array
02d05757ef8f5c98,omnvarid
02dc670dd0fd3a4f,demeanorstart
032625d7e073bc1e,vid_width_ratio
0341893d4e562fb1,baseasmname
03449c0d22d6c9da,get_found_fuel
03451e846a34609d,race_vehicle_death
034d989e54c91b28,guy_arrival_type
0385d82b740322b3,objective_setshowpinnedprogressbar
03a44bd2b6f6088c,killstreak_setsubvisionsharedfunc
03b1f07954db2a81,get_default_weapon
03e2f17d9e256fea,arraycompare
040860dbb51f197c,vo_enqueue
0424f0ed5bb4c313,queue_isfull
0472a3f4cbac38a9,get_team_instances
0477f586b443706d,stealth_investigation_role
047bb84914ce063b,turret_template
048381ba0cc0c6df,doorwindowref
049a1aee62245084,find_root_nodes
04bdc8a1a86868e9,minimap_touching_triggers
04c07dffe60121f5,animstarttimeseconds
04e39c09e372b023,delaycallendon
04e9e3b05d79b6b3,castupposition
04f1c858ec813ec2,monkey_detonate_immediate
05202b191a517453,find_vehicle_spawns
05309b0113fb4fdd,timevalues
05421c1b269d4086,sensorgrenade
0587cce3c111cf56,asm_debugenabled
058ef8d9aaa64227,start_free_fall
059f181ed0ef2bc9,cos_val
05b45b2c745b6ee3,validateweaponassetnamemap
05cf39d9f13c9dfc,refuelingsound
05f8347a0f23310c,respawn_metabone
06194a9a51160789,register_sequence
062225df20ba0895,currentsplinename
063ddfcea9493cb5,is_part_dead
065680bce3f3cbb5,plan
06627505abbffbac,vhalfsize
06890e86eb73221c,assassins
068d4080c4f2559c,prev_room_node
069c92c537fa56ca,relative_add
069cce3aea254ede,beingremoterevived
06a038785b2255be,manualturret_disablefiresharedfunc
06d7781ea09ab619,playkillstreakteamleaderdialogsharedfunc
06f08528d01f9e74,torpedo_radius
07057410aedaf238,ease_elastic
0711615b269dcc3c,dev_find_host
072dc653da3cbef0,update_ability_omnvar
073734336a18afda,reply_sequence
073cf360ef9afd65,move_draw_cursor
0740d95ba1161cac,lasthighlightedent
074377470e00a470,set_perk_mod_damage
0757d67718416730,player_prestream_assets_thread
0797fbc5fdce1604,set_allow_supersprint
07afd740bd4ab108,set_position
07c473f8a461d4dc,oldteamfriendlyto
07dcee17e4a5045b,get_bundle_name
08423dfff083dd37,forceweaponinspect
089be635049f0ea2,set_overlord_locked_priority
08bccb4b00f5a875,killstreak_setmainvisionsharedfunc
08c80a74ff70fa1c,perkpackage_giveoverridefieldupgradessharedfunc
08cde3d931cbf40c,blackcell_loyalty
08dff5af844911c6,b_disable_lockon
08f3a143dbdb5ba5,watchdeath
08f977e6df094c95,cast
09133d94dfb2c34f,supports_animated_load
092c0eb3428a0e3a,vehicleasset
093b161ccfeecc92,skitname
0943ea4b0c5ccd70,ascender_scriptables
09530074d12c4320,obj_info
0972dfed07d51ba3,targetmarkergroup_onsharedfunc
097457a6743c4ab4,enemy_ally_isnear
09a727457179279b,prev_subclass_map
09bc7f45797c82d4,anglefudge
09c2f8cc265d63af,debugdisplayindexes
0a3585025f9191f8,tickpercentoverride
0a4297cc0c855b64,foundentitiesused
0a4de202cfe48379,get_max_stock_ammo
0a55e6625fbf1fca,getweaponattachmentdefaultattachments
0a583bdad1f5d7c9,validoperatorref
0a85b5bdfe48c51f,is_valid_client
0a8e3f85dff931d7,usemanualspeeds
0aabb37430ffe599,update_move_feedback
0aafad573e2b0040,debug_print_play
0ac3f940aca50519,isanytutorialorbotpracticematchsharedfunc
0aca909e605d1892,getdyingguy
0ad5635b33a05128,lua_triggered_attachment_zoom
0ad96709cd274e05,lookatteamthread
0aebd477611beb4c,callback_template
0af58dde41667b1a,say_team_delayed
0b22ba03db4e68b4,defaultsecondaryarray
0b384f2746360190,getintags
0b3960e573d20d5e,droppowerupsharedfunc
0b456610deaad175,ignore_future_event
0b4b334e3af2d4d0,prevent_loot_stick
0b54a1e23734ef07,_playershow
0b7828591c3e92ca,spawnfxforclientsharedfunc
0b802571276abfcd,stickerlist
0b8d64912ebafb09,_freezecontrolsdebug
0b9471e547535555,z_step_increment
0b971301f5c14bb9,ab
0b971501f5c1501f,ad
0b972101f5c16a83,ap
0bbbc89700c50b05,rndidx
0bc0e2619f7cabd5,monkey_model
0bca7483b25613aa,initialize_section_array
0bd0248b38b021d3,bhflags
0bf1d092cd73b3ba,definedprobabilities
0c09802bb7ed7d47,target_arrays_structs
0c11d68d4f2a6416,joincombatevent
0c30f98c7889bb1e,partdamagel
0c4504f5e2bf7c33,is_reinforcements_inbound
0c4c6f8884067b45,bulletweaponname
0c792573b8d7ef5e,thermobaric_apply_stun
0cae7240c7de68a7,waittill_death_always
0cbc1663e5003d56,str_name_list
0cbf292967d35439,waittill_any_ents_return_no_endon_death
0ce323c1a383e915,draw_2d_string
0cee1879c8c5375f,attach_2_priority
0cffc2c2fed2a433,update_ability_fuel
0d203d8eee57f97f,debugvehicleinfo
0d470e56f07acd37,isfeaturedisabledsharedfunc
0d7e70c3295257a7,scene_reset_thread
0d8ee3d7e173f2f8,monkey_bomb
0da9e3b16501c5f3,isplayeringulagsharedfunc
0db2c4f18175a4f4,isteamreviveenabledsharedfunc
0dbf68abfe0e120f,scriptabledefname
0dc3d72afd5b7f11,call_on_all_ai
0dce6d2b615f1bdb,angletouse
0df830940cda6bda,activate_all_parts
0e5647c20ee6b65a,set_area_swap_state
0e6fefba8bb1c2dd,asmdebugenabled
0ea054302c110c96,vid_width
0eae50a354ba08ff,is_entity_interactable
0ec2e60c2d33c7cb,playerdeathexit
0ec7b7d910df1e09,coveringfirecleanup
0f0a75f18cc6f168,arrival_stance
0f28e69d3861d28e,specialties
0f3c017def704a9f,bottomleftback
0f642f1e580c5c1f,aimblendtimems
0f75c19ede6756cd,follower_ent_cleanup
0fb4cd0ece2b37b9,is_team_speaking
100fa1c39b70242c,stealthmapid
101e24b1fff4d1c3,printdebugtext
102645f9fdb06e7e,torpedo_target_point
10382bc45dc21d6f,buildweaponinternal
10415208fe297864,includeagents
1041a862fb65668a,ent_flag_waitopen_or_timeout
104584fcb76c9af1,storageindex
1048967191f5b394,array_is_touching
1079ce71a294e6ec,structnameoptional
10816ea6441c4a6e,v_vert
109df62a76e5fcc5,gethandtag
10a50614ad3b366a,waitforstreaming
10a8a9bbc1ad4a59,update_max_health
10eeeced3ff5d479,allowlongdeath
1118a13c85143819,dst
111e89d541a57106,n_float_min
113e49c6a99a3f43,freezelookcontrolssharedfunc
11477fda3d7e5956,equipmentinteractinit
115cfd8df974adf6,sendctgstrace
11863370c607058c,cantriggerjuggernaut
118a30c69346bde5,bundle_names
119ef62fa2100937,is_partition
11a920cdad9e23f2,startfunction
11acd08ba443438c,setturrettargetlocalangles
11d841e58e0d6ae8,wildcardlistentry
11d8b23b0283dbec,fadeinouttime
11e276dda958f255,invalidtargetstring
11ec4cf4a1f78d50,set_allow_doublejump
1209b9aa14fc6a76,notifykey
120a01902f184185,turret_lockon_target
127c692b0ccf1464,hybrid
128fefd1300bebc2,give_riot_shield
12938fffb625a5d0,start_vector
12b3045b7790aa40,corpsetable_rot
12baaacbe83c8b53,getattachmentslotpriority
130cc41ff4c1a3a6,addaidatabaseentry
1328eb56116bb239,targetalias
135c8b1a5d76c529,tertiaryweaponslotenabled
13685edc76d22c67,set_metabone_health
138957491829e7d9,getscriptbundlefieldvalues
13c696a243676349,startcircledelay
1426dc73ca3ede36,registervisibilityomnvarforkillstreaksharedfunc
145a67181a8e1d12,scope_ent_array
14798c4cd3dbc753,set_disallow_stun
147f9645108810bd,monitor_seat_switch
1498170d0253240c,validator_reload
14aa1f435f1e37e7,f_line_top
14bc8bf38829a04d,killstreak_setupvehicledamagefunctionalitysharedfunc
14c0d4d94b7655cf,step_index
14e04bfa0c8ea51e,spawn_z_offset
14f7e51eb46b01b1,isremotecontrolling
14fb2ae41be2ca0c,sceneobjectcount
1505d243b4330a94,ttkvalue
151a069d6f09add4,dist_between_arrows
1537394bb444852c,lui_linked_flags
155ca625b16d9bef,nodetarget
155d6c3883818460,addloopstate
15624e71c8d25680,reachedlkprandom
157e28ac731a09d2,turnanimsenabled
159a74a46862db41,traceradius
15ac763bf4c95dca,gesturename
15c6e27c1acff47e,traverse_navtype
15c89879cc02ad28,on_repair_tire
15d306c0eead0049,setgendersoundcontext
15e572f4ed82dd1c,object_get_anim_entity
1648b4cdac38c922,progression_verified
164e018743398931,modify_vehicle_damage
166b16b718237e44,target3
166b19b7182384dd,target0
16831fccd1b9bb44,ignoreweaponarchetypes
168ea9f5ceaa3208,prestreamclear
16a5a8450e52aab2,max_time_s
16a6dd8028d4c303,getgametypescriptbundle
16ba143f3c642bbc,filtered_targets
16bd1266420ab821,setcharacter
16df4c1521e68ea1,room_nodes_struct
16f333f9d8797ee6,fade_out_controls
16f71076d4e5b6d1,hitlocations
16f95e1782afb830,restoredweapon
1703fd5735aab89c,nudgethreshold
17129598c6a62bce,get_area_swap_state
1725a03b81d74db6,getangleoffset
1733c6b9d1690414,waitdurationseconds
173abeea28416734,build_dependentparts
173cd3809239740b,n_direction_dist
1766096c03f9664f,doresumepath
176b35695a09e876,bignoreenemy
17714efd68657775,watch_cancel_load
17768c62750e1de3,teleport_player
1783215c10d6fbf0,arrivaltypegdt
178eee2b8fa6cffd,minedamagemonitorsharedfunc
1792af6a0c1cbb3e,has_lw_riders
17a28afa093aad05,nextshotindex
17a5db66ef2fa3c4,holstertarget
17a7b9ae2a4d76d5,taptouse
17cb31127ae1facf,is_wounded
17d491754460bac6,delayend
17eab8e5794127e5,bcs_alias
17f108156def6e06,dyndofexp_stop
17fdd38cabb60ff9,basearchetypename
180441f3613d6cf7,teamperk
1814d7a223afc601,activeanim
18230039fad6de43,getweapondefaultattachments
18230b6cd04fb063,r_line_top
1847a32cf1213b22,threatbias_score
1857a9b7ee6f0098,distsqrtotarget
187f313073672917,visitedroads
1890986e132b928e,cap_exit_death
189e06f68ba54d0c,tracevecoffset
18b0c03144ad12d3,notehandler_interactionscriptmodel
18c87c2c4c3b0a2d,a_scene_names
18ebdbfa122a4a18,first_scan_angle
190128148d2b4261,entity_scriptable
190611a9c3e57846,segmentcolor
191f990bccb4b3ec,cap_lookupanimfromalias
1932cd0611ade82c,playsoundtoplayersharedfunc
194646024e504dba,nextangleindex
1964591c9abb2ead,pt1valid
197729c15bb8934f,torpedo_model_name
199fa31a911605cb,defaultswimweapon
19afe83f5a318048,base_duration
19b4ddf2961284d9,normalizedtagdelta
19da703e40ca49d1,delayduration
1a0515e79e1870db,gulagfadetoblacksharedfunc
1a10528014a6c478,canleanout
1a3fe0ded90e3f59,dyndofexp_debug
1a47bc62e304e845,is_tutorial
1a5df778dfa44f47,clear_battle_tracks
1a5ec9906adf7cfa,getaiblackboarddynamic
1a6762affce6e181,DMZDefaultPlateCarrierLootID
1aa04723a2ee4d80,animendfrac
1ac256089092e483,allow_use_global
1adc33a3ea22b43a,doorcheck_shoulddoarrival
1af14cbaa07f5ce2,spatialgridremove
1af3b09473549a37,dyndofexp_static_contents
1afc684096493969,set_script_pushable
1b03aa1ff0639648,addselfrevivetokensharedfunc
1b144c7826e01cfb,set_movespeedscalemult
1b287ff03ab61b36,capchooseanim
1b69d4fdb4ec9242,add_start
1b7ae0d86166ae62,vehiclemodelanim
1b87bfbdb0249fae,angletome
1b971a2963c4d589,get_rough_weight
1bdce28b2f75f6a0,playerwaittillstreamhintcompletesharedfunc
1c139edaf43ca40d,mark_origin_status
1c294dda0847ef13,init_vehicle_turrets
1c31531e7b8a7645,prestige_progress_id
1c4479162c03293d,dormant_array_callback
1c5306190304d08d,m_animnames
1c579064b3fda85d,waittill_match_endon
1c7945832f1b0fec,override_target_validation
1c83c323662db234,ease_saved_dvar
1c962e20957f689c,ignorelistoverride
1cb66215306f7914,isofflinetoolrun
1cdab64f1faa25c7,getboundsmidpoint
1ceb2db760d963a0,newstrarray
1d06b6dca8aa0923,ally_use_alias
1d22ece93818d778,xcam_anchors
1d34a73004e7ec45,convergestartpos
1d7881ef886b12a8,draw_arrow_custom
1d7f8430b91cca9c,backpacklist
1d84b59f03f277b9,spawnreinforcementsfunc
1d8a635cbe3f81aa,getplayersinradiussharedfunc
1d90d1b1c4e229fd,enterinvestigateevent
1d92c3289232b46b,set_entity_mark_equipment
1d9cce4d5f1a2e01,healthstate
1db0768558d44471,follow_path_struct
1dc2a44fbcb63c53,path_accuracy
1dfd9b1468c691c6,simple_unlock_door
1e118d91a21927c7,partmap
1e1f4e1467e2e664,wasinvehicle
1e3d8b89c56bdbb6,guy_unload_watcher
1e649d305e872d9f,script_flags_wait
1e780e3366dcc518,enable_dialogue
1e7850979a3e84ab,lua_triggered_xcam_mm
1e8d0d63f2766da9,cornerd
1e8d0e63f2766fdc,cornerc
1e8d0f63f276720f,cornerb
1e8d1063f2767442,cornera
1eb5de4993e15da5,playertoenemyvector
1ecbb57391540a39,wildcardbitfield
1f05d9dfab88f666,switchseatid
1f514a16a36458fc,activateperksharedfunc
1f72cc351a453c18,set_allowmounttop
1f7676aba730048d,ai_lookat_behaviors_default
1f7f807a072390cd,getslotcount
1f8d817fb854c814,skip_final_adjustment
1fa2949c43e3887e,load_lw_riders
1fbcf12a3e3c8962,cat
1fe58ae318378aa8,can_infil_reinforcements
1ff4e2b86b622b50,maptable
1fff04d818ac749f,cap_shouldreactmed
2036c40369a83274,vehicledatab
2036c70369a8390d,vehicledataa
203f0e1e8406d7e0,distance_2d
206fb47571712f9a,customarrivalhandler
20a98ee68cb249af,str_anim_name
20c30cebbc3b02e9,usedsplashref
20d5f92958aca189,laptopoffset
20f1f9ad61c919be,registersentientsharedfunc
20f53a4894584619,clearandpausepath
21150777a16023b1,set_disallow_body_shield
2118aebaeb763612,start_dir
213ea50e4377cc5f,nextposz
215d3c2088d763f9,changedselectedents
216f43758604df91,spec_counterattack_start
21a54fc0c0eded76,initcirclepoststarttocircleindexsharedfunc
21ae59b1ca9ae155,spiral_seed
21c1135cab1ad90d,upgrade_activate_func
21c8bf05ea7c3ff1,shouldkillcycle
21ca68c81ef4b7cc,attach_1_slot
2204daa2cfda7e2c,set_attacker_accuracy
220cbca2b381678a,sessionuimemberindex
22388de1d368ad59,looping_anim_ender
224d6ed7168ca53b,isinareaswap
22536a3d3b3ed103,isvalidpointinboundssharedfunc
226da703f8a206b5,svariantid
2284f014efea137b,blackboard
229cffc676e99056,stealthsetdefaulttimetodropthreatsight
22c2b2c9fdd053d8,streamentsdist
22fedcde193d7ad8,sceneobjectassetname
231b35a1727201e1,cap_iscombating
23487848bb229b4c,transitionscriptableparts
23586111765e3900,branalytics_kiosk_menu_eventsharedfunc
235e3e9c39d3545d,l_line_top
236299f42af1f10f,letterboxlerptime
237f8d886269f297,restore_metabones
23cb77ee148dd43a,watch_tricks
23f30ada01eb2681,time_s
2416f63cc22cba75,registerkillstreakdamagedealingweaponsharedfunc
2423398f28f5d2ce,add_helper
24341f580e01cc98,forceSceneTransition
24405b2b96eaa250,instancedataforvehicle
244b166fc159c48e,a_world_events
24910ff399ae0e36,availableseatids
24aa2d94cf545ca8,firstweaponswitch
24cb04402f122cfc,shouldignoreclutter
24fee66f6fc56e57,killstreakintegrity
2538a549cb545543,debug_chatter_name
253c8904682d6bb3,metabone_state
256de0610be6fee1,wait_node_reached
256e8bcb0423bc22,dialogue_array
25898c977289c561,fixedburstcount
25d24c21def5aeaa,withinfov2d
2613f1356700f0ba,expdamageradiussq
2629551afc017612,otherspeedratio
26364b7b16eb9611,object_wait_notes
267b8d593f67f1ff,disable_lookat_array
26945e0aa73c6834,torpedo_damaged_targets
269d7273a1103db8,bestentstruct
26c44b2efb1f4de3,line_start
26d1c9e6f537f08f,coop
26d4f03a62415fca,activeanimationtype
26e9262444e640fb,set_notify_note
26f033175a745a9e,isbattlechatterenabled
27264fa17da61bfd,setup_level_ents_procedural
274510033581700c,dvar_xhash
27490c47d34088c8,get_array_from_partition
276fd12c26ca8a28,mouth_fx
27a8784f2ebe6791,savesuperpoints
27ca4faa5c692ef6,stoppable
27e64156534dbfd8,removespawnviewersharedfunc
28080994a5b20e98,difficulty_region
2827d474013c9b36,locked_on_callback
28386323818d166d,health_col
283eda46d17790d2,set_exclude_players
2852a2010d6a4edb,registerkillstreakinitfunction
287aca684a420791,jogspeed
28828be2fa818853,numplates
2889f0bb4e2623fb,str_name_array
288bef4a53a454c1,set_allow_shellshock
289836ead823fec6,resumepath
28b952994d004a57,arraytargettime
28cd373276224d96,entity_scriptables
28da714a4a36a873,notehandler_tablet
290428e0d55ac3db,enemieskilled
2942e71e54cd0a35,check_dvar_status
298a3423970f381a,isbackpackinventoryenabledsharedfunc
299e3a2ee5531551,cap_custom_arrival_handler
29be7eb4c37a9585,sceneobjecttype
29d71103ac6897ea,limit_owner_instances
29f45305ed2fb281,biscritical
2a2d2d350c260c94,found_server_exploder
2a5a33551d471c26,grenade_stolen_by_sam
2a5b5da96210ea39,numbursts
2a5de6cbd48abe4e,set_skip_scene_death
2a95db975462286d,nextvehiclenode
2a9a427ddcb3bb2d,metabone_name
2a9ca9e3797e5dc1,get_vo_emitter
2ad7c199d91cf769,setgeartype
2b318f8190be6f77,firstkey
2b37745ff1170172,clear_lkp_two_members
2b380f4a5c965003,get_driver_seat
2b46fd3be1838c51,gendersoundcontext
2b4ad1f3a68a848f,limit_game_instances
2b57f5b355c50ca4,doheadanim
2b65956c7dbb05bd,reacttype
2b6f213d891785e5,object_get_func
2b98fd6d40640be3,marinegasstation
2bdcf2c1a54ec800,print_invalid_targets
2be60b43d922ad94,vehicle_omnvar
2bf80934b4e9db2d,partindex
2c00d816e6e9aaec,remoteinteractsetupsharedfunc
2c1029519838f66b,killcyclereset
2c20662d8b1e7125,msg_array
2c2e0ad038f69695,removeperksharedfunc
2c3c871705fffcc1,chosenvalue
2c4853f08d3ac696,total_time_sec
2c4a490de93dcb8a,num_steps
2c4bfa3ab77214b5,primaryinvestigatorpos
2c5dc494798f35d0,guy_arrival_stance
2c6a643803a34552,callback_frontendplayerconnectrejoin
2c88b2ef0206496a,targetowner
2c8ff5ff5a72f6d0,deactivateworldevent
2c944ed821307ff7,cap_shouldreactlow
2cf1eb77b5cce767,branalytics_kiosk_purchaseloadoutsharedfunc
2d03fdf17caa52f6,torpedo_detonate
2d0d42830047527d,cap_proceduralturn_forward
2d126de83c7416a3,blockexplosivedamage
2d3594432e29a48e,register_follow_slot
2d3d5a248d07d8aa,class_x_class
2d4cab3fe862fa6f,handlemovingplatformtouchsharedfunc
2d55702660aa940f,pop_smoke
2d68a17516195bdb,sequence_to_hunt
2d71e10951d2f611,setmissileimpactminimapiconsharedfunc
2d7d63e0a26cf67d,fadetoblackforplayerkeepui
2d80b16b6b6c2a4c,gamerprofilearray
2db1c151b70d6f23,waterfx_name
2df8b6f97c01670f,playerseatref
2e0e47a7b9d61194,replace_character_placeholder
2e2bcf093a46e0d2,getweaponnamecallback
2e6c3a9b558f6296,scene_play_omnvars
2e78040d9e12228d,support_1_scriptable
2e8837cfc64578a4,casthitnorm
2eb71d32b982e8a4,montage_gl_facial
2ec75fc3ad5e9f94,validator_notetrack
2ed9fde0aac7e7eb,impactfunc_molotov
2edb20fbedfb0fdc,a_xcam_players
2edfdd35a16bb863,setnondeletable
2ef19349709e3462,vehiclebundlehash
2f265c7596e1efd2,selfentitynumber
2f29635bbbec55d9,health_percentage
2f37e3039fa591c9,collectibles
2f5c6f65103c980c,max_speed
2f6e2cf7cf391f54,damageclass1
2f6e2ff7cf3925ed,damageclass2
2f7211392db5a9ac,refresh_oob_state
2f7ce52bcc9ecef9,setareaswapstate
2f7ef091f69eb90b,previous_trace_end
2f7fd5c1ae12d286,callback_sequence_step
2f960ad21584ba21,threshold_angle
2fb3a283d2aa9e1f,gettingcoverevent
2fc3a5fb762afb6e,disable_highvis_outline
300a8cbf028d9c29,agility
3025c8af93b355ca,getthreatbiasgroup
303ab2356fef684f,divisorlrg
30421de15af574f3,aisetriotshieldweapon
30626e92350074ba,playsound_receivers
307203580b7d1bfa,playerplunderkioskpurchasesharedfunc
30789810ab278dd6,flag_wait_all_array
3096a235705407c2,divisorlow
3096c8fdc9eba2b4,hint_data
30a59d288b9a5556,baseweightratio
30b48765c57a3722,magicbulletsharedfunc
30c65d47028f9ff4,seatenterarray
30d48da2aa0530fd,arcanimset
3112e7aaad668534,v_activity_center
31132eddb426e3fd,shot_get_name
311a03fbdc4999ff,sweepcooldownduration
3135199e58462f72,leveldataforseat
313b18d2a6e3ef82,stuckinfo
31522db4303bffeb,handle_state_notetracks
31541779e2933d1c,missiondata
3161539e0a96d772,getactivemapinfobundle
316b57381d8df707,stilltoofar
3173e11a1ad476d4,stuckdistancethreshold
317b961abdaa3b38,exclusiveplayers
318bb008cdfbf4cd,playerfemaleindex
31afb9b46346a08c,curiousevent
31bbc5ef347620c6,clear_partition
31db0eb34809e5f4,all_requisites
31e93e1eb7dabf6d,clear_warnings
31ef18e406c75f31,laststuckposition
32031cda80107172,makeexplosiveunusuabletagsharedfunc
321142f2f3c137ae,message_duration
326154f9b2cbd59d,getmodifiedantikillstreakdamagesharedfunc
327652284cd8b192,delete_vehicle_delay
32901f788545d0d5,seataliasoverride
32ea3968a7200835,scramblelevel
32f013f3166d292e,arrayrandomize
32fa4adb85a9f504,dopowerupscoreeventsharedfunc
331a22bb48ed4b5a,flaggedexploders
33261553dba8c621,xcamdata
33389a3ed5a2a536,leanoutcheck
3345c1d37f86cce0,currentvelocity
33467e1a42fbb87d,setareaswaphint
337d4e7b01c3603a,vehicle_asset_list
33879227389c4dab,chosenvehicleanimpos_deathragdoll
33a4366b742b2438,overshoot_scalar
33d2567fd2cf0336,vehicle_spawner_spawn_vehicle
33db5df1418bb6c8,mayhem_first_frame
33e076b69d04fa55,has_start_notetrack
33f50109e9f6f798,randomvectorrangeflat
34351428983698d6,seattagfwd
34403af078fbe066,scriptabledoor_close
345dcd85ece57043,playertotarget
3465747f297c009b,deathdelay
346605dd138a047f,shock_fx
348426697254d2e5,call_post_funcs
34abc382f28f40d8,nag_waitopen
34ac56a93747c1b7,invertedmask
34bfb90dc1ed652d,getnoentvolumearray
34d8863e4e668dc7,metabone_part
34fc10653c86c1fd,current_foward
35007090d69a4a75,v_z_offset
3515184d97497ba1,disableplayerusesharedfunc
3525afc904fd1449,prev_default_substring
3544d10ae25437fa,getattachmentbasetype
3545c97b03e07929,waittill_red_alert
35b2d0130a0fd18f,scriptedheadanim
35bbca8e2cd7f059,camera_ent_array
35c0fe936b06d97b,spectate_initsharedfunc
35e819c52b5ccc65,forceusekillstreaksharedfunc
361dbeb559975407,setsightconfigtemplateoverride
3632b55e76251b18,set_show_perks
36544cff4b08a6c3,semtex_pullback
367943e54489cb93,player_entity_tween
3695bad93de89a4b,activateworldevent
36a6b72229a3b0a4,n_fail_attempts
36aa82b88f9b1a29,vehicle_upgrade
36c5170f85b79688,penetration_dist
36d470fc6707078c,set_allow_interactions
36fa126036e8bb87,playeranims
371812e6cc5e854a,n_padding
371efda880e40124,debugdrawframeduration
37490e78ef28d565,setlookatstate
377d1088d6182c2d,reassignvoiceid
37a50ce68b22a0ee,normalraisetime
37a8cada774ce0ff,siphonamount
37b8414467af463a,willknockdown
37cac844973f71d2,getsuperweaponsharedfunc
37d0eb188592fcb1,dodialogue
37d17d889197cbf9,createfx_exploder_listener
37d8cd2d186b2a85,set_task_logic_activate
37e590263bad2630,ent_flag_waitopen_all_array
3800ed77b1b69de1,vehphys_parkingbrake
380ce768646b5cea,gascancount
382771129ff85f44,addspawninfluencersharedfunc
382f1444367ae2dc,gohide
3832d4223bb5d175,speed_baseline
383a3536f3b70ef1,on_enter_vehicle
385d1ba08a253da1,vid_height_ratio
385da2e8e700694a,damageablepartdata
386c0eeb444cc850,oc
386c10eb444cccb6,oa
386c15eb444cd7b5,od
38837fe550546db8,castshadowsrig
388edf622604c6d3,n_current_shot
389098105ac4be68,setbagtype
38a58e5386089535,roadendnode
38a5ead8f4a7f9c6,stunboltdud
38a903a032feee88,tag_forward
38cfc3d4849235c8,explosionfxname
38da7f8b8c6a4560,restore_max_health
3936869aa8ae49d6,original_end_pos
39391a3c00d2aba0,modismult
394d0e1971506f5a,set_allow_slide
395a30d787090109,createinteractionnavrepulsor
3972558ecac29bf2,min_blackboard_cooldown
3972a2e418867586,launchgrenadesharedfunc
398287cfbe140fb5,target_state
39a5133584d75be0,set_allowladder
39c8c05f6121064d,seattagangles
39d163b784463d0e,bool_cinematicmotion
39e15f31ca87ff65,vehphys_impulse
39f1391410d04ec7,turretstr
39fbe39afdc9ede7,widgetstruct
3a32eca855d763fc,callreinforcementschooseanim
3a5b4756eb192e84,notehandler_cigarettepack
3a846d2682cc0f8c,set_allow_aim_assist
3a8bfae95bd510af,oldseatid
3a9a9c418e22e371,removeequipsharedfunc
3b1ebfd4aae3f346,scriptedanimationindex
3b4e9a998a452bc0,object_play_anim
3b5e81bef2c819de,lwid
3b5eb4a0c9aff8b2,outerrange
3b7b402e203142e7,get_linked_node
3b7ec495409b9461,stimnotehandler
3b912de40e2142ab,streamhint
3b98c15b6d895146,trickname
3bc00b76b85c69f7,splinelength
3bdd479f506243d0,killstreak_emp_initialized
3be34ef9eccd75e5,slicedarray
3bf9c78e48b6679b,widget_config_struct
3c07c53fca7eb889,withcharm
3c2c06b7a47cde2f,leveldatafordamagestate
3c3dcf9de2572b46,lastsighttime
3c56353f6ca59558,setoperatorchroma
3c601b790e519ade,tag_radius_sq
3c8eea397ed4fb54,killstreak_registerminimapinfosharedfunc
3c9da42b31891452,ontimeclose
3caa4083174a4513,createstreakinfosharedfunc
3cb5e70d950d5fee,monitor_lean_blocked
3cef575f8a291961,startingheight
3d38a82b4ab1df3f,zombie_base_health
3d3f02fd7a5fbeab,waitforcapend
3d49a6c56cd664db,vehiclebundlesuffix
3d95bbd7e1921b5a,get_vehicle_asset
3da7a23e38f374f4,wait_vo_data
3dce0566c67a1e0c,blast_damage_outer
3dcee24de3aa889a,lc_stun_human
3dd733624041dbea,watchflightcollisionsharedfunc
3de693086adddd24,init_debug_stam
3e0dcbfe3cd87c74,take_riot_shield
3e18e1db2522ea75,segment_vs_segment
3e1e54de9c8abc35,get_metabones_def
3e2b66d8be0f57c7,newvelocity
3e66428f5a9e559e,splinetotaltime
3ea823feac4a4ae3,switchtoweaponimmediatesharedfunc
3eb0cc12c8b2af7b,scriptable_state
3ec9c9bb5513f6d1,isscriptabledoor
3efe3fd6c5009530,is_unloading
3f05fbe6a6591c1a,sztimedout
3f2131cd26f094cb,get_vehicle_model
3f3be292cad8255b,vehicleanglesinverted
3f40407edd3d9eee,to_enemies_direction
3f4278e86909ac48,shapeposition
3f7094f6eb8242c0,allowledgehang
3f8a26ec96988e80,toggle_dvar_enabled
3f94784d7a4e2f48,onequipmentplantedsharedfunc
3f94b9e2741a9e24,bestindex
3fa9b9a06a973918,skip_tutorial
3fc8b804838c5f6a,second_scan_angle
3fcc87fafee70c60,gasstationstruct
3fce40fe5edcabf6,bautouse
3fcf5d33b6d4cdfc,set_xcam_wrapper
3fd54488ab0c7c72,find_road_path
3fe90cbe40505e7d,process_scrap_assist
3ffe26cc411236c0,enemy_shot_recently
4012b9b076e857d5,getoperatorlistscriptbundle
402861b2a628adf5,branalytics_inventory_snapshotsharedfunc
40404c3d083ca0d6,instancedataforpoint
404f9b2f2626b992,waittill_any_ents_return_params
4059d07cde015998,maxattachmentstertiary
40a9127fbb03afd1,ease_quadratic
40ee39bbaed07062,update_kiosk_pos
40f40dafd772161a,beststateref
40f642f8be5a19a1,play_scramblesharedfunc
40fb5c7d2af921ed,tagvelocitymagnitude
410d479b8aef0b04,activity_story_contract
4116af5d3e9e02cd,delete_seat_corpses
4117bc357d28f106,divisormed
412e0826585924fa,spawn_point_offset
414a869a4338373e,chosenorg
4241bb46ed306b16,set_collide_with_ai_allies
424a50d6b44c9650,a_s_start
42619fd983f8ba36,arrival_state_override
427dba008a797f4c,start_callback
4281a0811c1cb900,firstcombatevent
42ad29fe9fc05154,spawntypecount
42ba0cfcbc8ceb13,iszm
42c923f116746287,modeldefs
42ca83289e883f89,getnodesfromvalues
42ec5644ec09ebf2,player_disconnect
42f14ddd60a54c33,recordeventforsreparser
42f816fcbcd1a4d3,islw
430f23d923c86ba3,DMZDefaultKillStreakLootID
43313ddf40c5ccdd,vehicle_explosionlaunch
433c1ab359647233,set_points_dirty
4354777780bb3457,str_scene_bundle
437603fe6e77f12f,clean_area_swap_state
438248c9d72fbbb3,flag_wait_any_array
439953d86d0a8aad,on_metabone_damaged_not_destroyed
43a66262e08982f8,attach_1_priority
43a6c6ef47b8b126,animscripted_blendin
43f385c54e8a0f08,timeofdeath
43fd703028ef13bd,dyndofexp_getplayerorigin
43ff46516b32d433,usetagangles
4413e7f2a1e2f49a,support_1_scriptables
441f4d1f59f5194b,scriptablesarray
4441d323cfa164ed,numvoices
4457dd7dff80535a,up_cross_forward
445c37fdb331e9f0,lc_do_tick_damage_ai
445ee280843a7973,arrow_end_left
448195b2a6947143,new_spring_index
44aa5bb822b01ff0,crashtime
44b075692bd28f39,vehicle_init_path_radiant
44e3b4b5e61039ec,initfiringrange
4529a11f1c6ae77d,worldanimstartpos
452cc08e765a7b1e,captain
452e9c3c677cfb85,init_metabone_health
4530304980af534c,deregisterspawnsharedfunc
4531e6b9d614a3c5,y_segments_dbl
45411a1b47f90130,dirtowall
455d86c95902ff06,waitforlkpanimfinished
45600ba5c795f8d7,tire_was_repaired
45bf486868c67fc8,structvector
45c4d88e68be5b6a,registerkillstreakweaponfiresharedfunc
45ca1867c7ce8e7b,set_kill_on_damage
461bc9a9504d10ed,can_update_visibility
461c2723a6988991,getent_or_struct_array
461dc0438f85cf1d,setbtgoalstationary
4641057744100c08,obj_get_animtree
4645a0dc25f8f459,debugwartracks
46480eb294cb5313,spatialgridmove
467a485801df93bc,isdmzgamemode
468292eb981ddd5e,disablestokill
46981edfade6d0ef,usenvgs
46d936b9a8237825,bsequsers
46e7fc115379abb2,debug_follow_host
46eb704c6fe72343,stop_scramblesharedfunc
472776b2a2d34c59,finalimpulse
47773ece45ebba10,get_ignore_ids
477df442c938265d,soundtypeoverride
47894f862f7e492a,temp_missile_repulsor
4796c005e97192dc,ground_clearance
4799f28838ab4239,armorplatenotehandler
47b0ac81744a7cf9,axesnames
47c21f91a5f180b8,buildprogressioncamosmap
47d89786fb52a036,tableburndowntime
47e6a0e01f805a2e,make_lights_invulnerable
480cd18c2fdbb2e6,input_type_changed_callback
48313a2b28d9f3c0,upsidedown
48611a3659bf91a5,localmid
486b198504251b35,hasupdatefunc
48b5cf32b2723daf,iconlist
48bf334fb9c93812,br_giveselectedclasssharedfunc
48f5afa952de20dc,build_is_tank
4939a849e2247257,lookat_specs
4962601b2b00a8bd,unstablevehiclenotification
4972749a8f4dedac,hint_hide
49759ff24f13717d,leftclick
49917e81ea761a2f,vehicleminesgetleveldataforminesharedfunc
499c615a62f7a63f,notifyhash
49c5e679cf6c95f7,mediany
49ca6132f6b4bebc,set_allowlean
49cf590c6a769d19,huskforcemultiplier
4a1346aab63097d7,lookattargetindex
4a36b318211062b1,notehandler_crowbar
4a74835a652d1d7d,update_damage_feedback
4a9835edd174d8e3,object_set_anim_playing
4aa7e07e71040519,flag_waitopen_any
4aab2f634899c96e,hideoverlaytargetmarkerfriendly
4ac0955ee79e139b,waitforalignment
4ac28daa9e8ad98b,flyswatter
4ac6b6002195e05f,disttodoor
4ac7a4956431e6e3,set_entity_mark_killstreak
4ae0634fb9421251,squaredist
4b1bd5682ad632fe,setuppositionsnearlkp
4b47cdc64e2047be,print_x
4b47cec64e2049f1,print_y
4b531bff921831ff,deregistermine
4b56eb7facbe21a6,repair_random_tire
4b909db4d9037bed,midrange
4ba3bcb5ce492dc3,ent_flag_wait_any
4bc864ba4959433f,stopped_for_flags
4c1754fadbd0ae29,aiseat
4c1eb3cfe83f0e70,island_node_count
4c1f807275728cfd,scriptabledodamage
4c1f821ba5191553,notehandler_bag
4c2d9e09183dbdd9,setrotorsactive
4c3760671e3fefef,default_husk_explode
4c574c265ff9cd1e,object_set_anim_time
4c6fd38ade450e37,num_ticks
4c773c6e004a4bcb,setstate
4c871eec1ca1279b,findsplinepath
4c8c24999a19c5d1,exit_start_callback
4cbbb83facf3df31,f_line_base
4cbd60ce1a602523,wait_vo_queue
4cd4fa289506a73c,setwatcherstoidle
4cda58395996a9a5,get_closest_road
4cdc3bb53a78e615,script_area_swap_state
4cded001aa8458fb,player_checkpoint_restore
4d50dc614a5b945a,add_vo_data
4d5a2eb94fa6e19a,extraunloadgroup
4d9b73147ea83832,azimuth
4dcf5412f280ffd2,calculated_nearest_tacpoint
4dfac38f3ae1a700,tilttan
4e10a978393b3caf,vehiclenavmeshlayer
4e15ac7fc82c86fd,velz
4e32d344467d2de2,backupinvestigators
4e437684203c7d68,root_forward
4e5b6b2cc9cc3b30,abandoned_timeout_callback
4e723efdc6872861,killratio
4e867024dd5fa1e0,is_driver_dead
4e87486ece806fb1,vehicle_paths_physics_helicopter
4eca564c90ec663e,triggernum
4ecb3a257229d0c0,ignorenavmesh
4ed69111e0e3a6f5,next_start_point
4ed8e794289fc666,player_checkpoint_save
4eda42ae02876c3b,canunlockcallback
4f0a2b09212cd39d,operatorname
4f0d3efc7aa6de83,heavydamagethreshold
4f0f5588601823d9,debugprinttoscreen
4f126db64b09db48,branalytics_kiosk_purchaseitemsharedfunc
4f1e408bef21a5f2,optionaloverridedist
4f22cae2321b3aef,dmgstruct
4f363a218b64862c,race_seat_unavailable
4f3ffbff50ec8655,attacker_fire_missile
4f583ee171a9fb16,b_max_index
4f76f5b4541acef1,clear_vehicle_reservation
4f9d68a0e796b7d4,barrelorigin
4fb5900c2399b1ab,roada
4fb5910c2399b3de,roadb
4fc9b7f683509844,huntmain2
4fc9baf683509edd,huntmain1
500b22e351d5aed7,unlocks
504853392debcdee,animstartsec
5083ecfd234744fa,ai_cornercheck_behaviors_default
50a0af5f47ae9a88,reset_metabone_health
50b0ba3d0e90b5fa,are_players_enemies
50c7ab561db8987d,player_offhand_pullback
513146bcc664a077,burndowntimes
516a3877731df0eb,get_min_value
517a4ae48f9f88db,shotdurationsec
518ed383937be69d,subclass_map
51af9d0179a9e111,notehandler_liquorglass
51caa5fe662a1f34,setscale
51cfa57e4d41a1ab,onuserterminate
51d0b0d40549486b,in_range
51d450f220b5b126,object_set_anim_lerp
51ee9c0f53cb8f70,assign_unload_groups
524c017e561062fd,segment_end
525be2e0f5721dac,world_offset
52753e6e107b5b8a,registerentforoobsharedfunc
527ddb9a226d10d1,manualturret_clearplacementinstructionssharedfunc
5284c181e622aa3c,spawnedtype
528cb1bdfba7b386,prestreamtime
52a72ff97c88197c,spawn_gas_station
52baa3db61f989e8,brake_when_stopped
52ef6ef739faa662,torpedo_target_pos
52f74fb9e50415ca,triggerscriptnoteworthy
5306b5e9cae7d5d3,metabones_bundle_name
53263c80f6271478,mayhem_time_values
5342f0144877f947,canstopcallback
534311e3ffb09a8d,cap_time_elapsed
534bcf5c6ee629b4,mark_type
5351a2953078b4a0,bcancrouch
53521e25620b2281,use_vehicle_turret
535c5014851f97ee,ground_trace_radius
536120126674f056,weaponcompletename
53803afcf7010153,sceneobjectindex
538e8850f2c65569,a_new_world_events
53943923c5440b31,isinvehicleleanout
53be8e9b8a759536,initialcombatevent
54306fbe3c2f799b,aiissniper
545d8a5f03e83de8,reachinvestigateevent
546a7ef3acd3e4db,clearminimapid
5488d5ff2a8c5ccf,highestgroupindex
549863c6e69d1830,executeloopstate
54c65bcdffc05dbc,has_tag_clip
54d1b3378aa23621,currenthealthpercentage
54db66b0c7c910fd,sandbaglocation
54eaa77c55487371,bcs_waittill
5514fa8c25db2833,collisiondamagemax
551520359910ba76,shouldohkprotect
5524594c0f738542,say_sequence_delayed
5529148246eb255d,set_upgrade_activated
5539108c2603d34d,collisiondamagemin
5551b0c1771bce84,warningclearcallback
5567dee83148e30c,ease_quintic
558d79c391a208de,checkvehiclenode
55b724d95788f0aa,cross_cline
55fdd79d34480c54,occupantreserving
56038afb3e96ac8e,reactive_armor_think
561cd3d671f43fef,sfxclothtype
565079a659f4d6f9,didplay
5671b0e78ab0ee81,basespeedratio
56905463b80f128d,scriptable_setparententity
56937fec1fbe3996,mangler_cannon_shoot_torpedo
56ae93e74da28929,get_toggle_state
56afca1718bb6665,disallow_reload
56c81a84d48e2519,currcharm
57136d99fd1ddd84,segment_start
5713d46873b29625,arrayremoveundefined
571b9ba6a13b0c69,get_keypad_direction
572b66ae8a000570,operatorskinlootid
57322adc28d49c77,chromalootid
57575bc5a128df7f,ascendervec
577d5cc2a903bdcf,scr_debug_values_next
57a1e82a2b77e5bb,active_metabones
57be2c0bb3aee8fd,delete_next_frame
57ef74b2cdde50ff,debug_follow_points
58083955ff27b7ec,monitordisownedequipmentsharedfunc
585e65b487c4e009,vid_height
586fc0ccae6175b3,tootherciv
5875b377049a6b58,shot_time_sec
5878d01ba8e070d7,enttype
5887660e43fa8aa6,refuelingtext
588abf0adc4ffdbf,endz
58b21d7fc83c194b,isdemotion
58db9c7cee228798,player_revive_restore
58f99377778ddd25,lockonlaunchergettargetarraysharedfunc
5918594658d3ffba,drop_to_navmesh
5927005df7225d65,last_radius
592c2f90b304c13a,dyndofexp_thread
592f27a1c5857fb4,spawntypelimit
5942cd4af67cb085,validridingplayers
594edf28884a02ad,nvgmodelup
596216f58c3ed542,debug_linked_network
5974573889c42158,animdurationsec
5995f9c2ef729dbd,add_telemetry_callback
59ad09fb77287563,delaythreadendon
59bd124c2d901b23,forcenetfieldhighlod_sharedfunc
59cbb20c4fa18c3a,stealthreactlevel
5a244d7749f1a321,getavailabledmzbackpackindexsharedfunc
5a26f252b5d56c58,ease_exponential
5a4010ee6da6f4d8,streammodelsdist
5a4aa830bc945910,objposarray
5a5762c782008a30,getturretworldangles
5a587e37f6f39515,unequippable
5a82f050df209176,new_value
5a906779a5089c5c,set_postpone_vortex_pull
5a93972a78ee517b,showcorpse
5aa09266a0bc8cdb,shouldambushclosedoor
5aad94c350e62067,trysaylocalsoundsharedfunc
5ab9076a14525c46,toggle_off_state
5acc9514819ccd43,get_normal_2d
5aeca6fe5866998f,uniquenamestring
5b2d16c12b1ff57f,code_move_notes
5b7f0b1b39b242e3,arraycombineunique
5b95545ebb6a9e5d,followup_func
5ba6b28f892b11a2,targetmoveevent
5bdcdba698716361,endofpath
5c0d6568986b016a,endwalltracepos
5c3acb80c2f5ee1c,notehandler_chair
5c6dd671289b46c4,print_3d_pos
5c929ac8097dbc62,stickerslist
5ccd5b03edff4bf4,invalidtarget
5cd43d18d28d98de,throttle_leave_queue
5cdb0ed325f3b244,getcombatteams
5ce9e81291a06e57,aisetgrenadetimer
5cfe9cacc481b6fc,getsuperpointsneededsharedfunc
5d3cc64730b32a22,do_jitter
5d9478057df4c3e5,n_list_count
5dc9baf4f1183a0d,vehicle_husklaunchoverride
5de4dee0d4226117,hint_add
5deacaf864fb85ed,set_wounded_movement
5deb364a74de6cc1,capchooseturnanim
5e023df7bfb08695,can_log_client
5e078710281c38ed,playkillstreaktacomdialogsharedfunc
5e0b5b09c7d63725,roadnetworkpath
5e28a72fa076ebb8,limit_team_instances
5e5738168e67b099,linkedbolts
5e74e4eb3a232dcd,plane_vec
5e826144b86dd5dc,cap_playanim
5ed664f9277fb295,activity_succeeded
5efbf583e218d4f3,bcs_on_ai_killed
5efdbf5ec5408b29,additionalscriptbundles
5f0d360346b42ce9,torpedo_owner
5f11d6a370b83eba,subclass_name
5f13e095e7fc9485,respawnpoints
5f1db248a7910ea6,start_radar_ping
5f51bf7f6da09282,DMZDefaultSelfReviveLootID
5f7a895b298d0581,repackomnvar
5f8bb1be4dac2d7f,add_spawn_struct
5fc088e80d1be843,ismissilelauncherlockonallowedsharedfunc
5fe4ddb9e165a560,repackedvalue
5ffdb4fa47e909b4,spawn_damage_proxy
60023c688bb7a224,createeventdecks
6041d54ed3d2dfa1,isexplosivebullet
604721c649c546f4,getitemdroporiginandanglessharedfunc
604f6aa3a5ef5250,get_seat_occupant
605df5c5b8dc84fe,preloadandqueueclasssharedfunc
606714cf9080c72b,deceleration_time
6069195bc3854581,dirtoendnode
60a43a718aaef658,sequence_duo_1
60a43d718aaefcf1,sequence_duo_2
60b81c168480d0f8,playerplatformparent
60d142b5b57a7b87,set_look_behavior
60e8cec67a1f4910,assign_road_path
60efc17b5ee22a19,hint_archetype_fields
610665da644934d7,prevseatid
610a25f77b46f572,iskiosksharedfunc
61275c848268e6b2,get_object_alignment
616bf91eeeb73a1a,walk_road_internal
6171a3f2dfa8c0db,default_specific_aitype
61a04ecfc8b22198,isalivesharedfunc
61ad072a9fc2be42,set_cast_shadows
61b5b8580263763c,b_destroyed
61c0a6c30d419614,traceselectedmaplocationsharedfunc
61cd049e55a5ee74,animtranslationdelta
622468eb06a51357,setusingremotesharedfunc
62249f31835e0b42,entity_num
62515deeb9d6335b,monitor_movement_controls
6265b35248049006,spatialgrid
6282bebef3a7bd31,unregistersentientsharedfunc
628672758c64b524,player_progression_achievements
62aaa5c1b920ac4a,weapon_x_class
62cad1980b48faff,refundcount
62cd85eced1cd772,setmissileminimapvisiblesharedfunc
63083e0eb079e32d,lc_handle_collision
631862e43211cd0e,removelockedonsharedfunc
632c2db3b6fa753e,minfocusdist
632c515e61e456fe,vehiclebundleinfo
63485cec1145b1cf,recreate
63548a594a6a750c,stop_msg
63670f18e38af538,templateclass
636fd0912ee154e4,explosionowner
637bdc778b4b74de,diceroll
6392afac087ef0fc,deathscenestop
63aa56d79a8fa5c2,too_diagonal_slope
63c2b3027681cb37,init_aliases
63e2bb735f9d500e,isdeadordying
63f49d0ae4e0cafa,getsuperiors
640b200829033f7a,killfirmevent
641276ec4b1cf5bd,seatidarr
643e99d5a18faa82,active_monkey_bombs
645aa97b7000ab1f,closest_point_on_line
646383666e4e5a43,nextavailableseat
6469d7400ed061cf,say_global_sequence
64806f54df46cf90,enemy_in_front
64a9c17f34e23079,playerprestreamrespawnoriginsharedfunc
64b5d34a4c778083,b_draw_path
64d13c7869b93433,get_all_parts
64d7cc0c0b4ec7ed,b_update_angles
64da393742f21c05,goalcheckcleanup
64ee418a689d337e,explosionscriptable
64ffacba090c91be,instigator
651f858ac66b8faf,incomingconnections
655c50210a09088e,debug_print_hide
655d8b683099ad22,spawnent
656811c370c4ec5a,get_metabone_name
659e22eb1cfbe1a4,ground_fx_id
65ad0d21cafc3542,pathcomplete
65b4f4a1125fad53,s_world_event
65e07134b0e3df2b,flaresystem
65e664189c26af57,remove_on_death
65f32b1d7ee16f67,cap_chooseanim
65f47ffeffc8a0de,original_begin_pos
66294064e0cb64cd,targeteyespos
6631b0c11135996a,bodyanimid
6672781fcbc0184e,checkshouldrun
6675befb9620202c,closestangleindex
669aa04d9bd4214d,validator_death
66ac6f6d8ab3df51,tag_radius
66c65279420a55f9,sourcecivorigin
66cf8056d9200040,waitfor_and_notify
66d62a72912f7e2b,set_ignore_triggers
66e59bf4bd9dedc7,getinteractionid
66fc84a0876a4b7c,object_alignment_link_internal
6731606b961f7d2f,cap_proceduralturn
6773d07dbdf439d0,hint_close
6784bb35e7242b3b,update_battle_tracks
67ab718b40b6af3a,vertical_offset
67c5e11ce59b7c9f,friendly_player
67fb1eecf93c0f72,all_flags_true
6837a5da94ad43e5,mid_b
684037bc9eb43d2e,closedist
68406031fcf14a58,directusefunc
68472941ef255210,self_player
68578947a9c6274f,isattachmentironsdefault
68698658072e3a12,nagtill_any
688a427fccaf34b5,guypacket
689ced0ab6b84b5a,str_fx_path
68a7c92000328556,endonmessages
68b1e030e357ff87,setglobalescalationcombatpercentagethreshold
68da1af0e7096d0f,target_metabone
6904a8a2df2ed3e5,shouldskiptransition
69052a81b71ac370,volume_size
69128cec8e052a08,getcurrentsuperrefsharedfunc
69163048847113a3,availablevehicleseats
691e8bf744c32e70,smartobjectangles
691eea1126ce9d84,skipstartnodes
69768ca8579291bf,is_istring
698648338e3e7b6d,vehicle_set_speed
69cef4d93358c993,call_with_timeout
69f2176c89fcc134,basetypesblocked
6a09a7d968b68b8f,roomindex
6a228c18a70107df,value_clipped
6a3a0b4565af50e6,a_scriptables
6a6b037c28349000,setdof_cruisefirstsharedfunc
6a7bc56d524cf6a3,ai_lookat_anim_mappings_default
6a7d6e5a29f700b5,notehandler_table
6aed4101339d998e,player_prestream_camera_thread
6b0db91f75072859,watch_owner_joined_team
6b163286f2fa9f37,hdrcolor
6b174bbdd02ae940,selectedmove_vector
6b21a8b01223b451,set_movespeedscale
6b3a50cea153bb4e,monitor_turret_controls
6b45803dcf5cc5e1,distthresholdsq
6b754754e7a8fcee,destroy_metabone
6b7b2cd4c3ffa469,transitiontostate
6b9942ef26b91aa2,waittill_weapon_fire
6b9ca16d4420cff4,bonetag
6ba71c7d59bcd637,l_line_base
6bad4f77f1786aa9,outbreakdata
6bc01e70cc97e942,dropweaponwithanim
6bc2a113a01b4ad3,histogram_sample
6bf823317fcc8649,shock_duration
6c087f6f845b9277,set_allow_offhand_special
6c0ed553911fcf57,neardistthresholdsqr
6c21070a7744c515,message_str
6c4306010cbbbd93,lw
6c9abb26e0d62cd6,targetangle
6cae907205bf9094,useinstancefunc
6cbb0a60ecb75208,enableplayerusesharedfunc
6cd7a09a0a9ec7fc,arrow_end_right
6d0ae726d7ea8843,entity_mark
6d14360d020a276c,nvgmodeldown
6d36ad5448cf846b,shottimeinfo
6d3bf645e541188d,spheretestradius
6d48c31766371c46,struct2_pos
6d7c57c4f04d35b2,getturrettargetent
6d822273ed66b680,str_scene_state
6d9b58df5afde40b,isdying
6dc1e3a72bccce3f,elementdamagetype
6de7822d1e9a65f4,z_val
6dfacecd7a867dcf,tootherpos
6dfbe161e911da41,random_weighted_struct
6e2bf2547ad45f12,placeweaponobj
6e36b6ef8113b51a,checkshotindex
6e3e45b054315b58,mapindex
6e6afd819ebbe705,get_all_occupants
6e793fc810255249,refuelmod
6eafaf04149c97d4,level_supports_ai
6ed29b1b786df49a,array_remove_condition
6edb2ab2f98e236b,cap_shouldreacthigh
6ee495ad8ec8d2d0,casualtyevent
6eed58b13f778351,object_set_animname
6f17a7d85a11f168,vehicle_spawn_ent
6f4ed5b6d73255d7,setsubclasstoaitype
6f6a2d52e0827735,canceloffhands
6f86e1d1b8045bff,scriptable_part
6f93da88114fc657,checkbothsides
6f9f79de96f3934a,coweralias
6fbfe82892eab250,getroomnodeforindex
6fe2c52868802607,setup_jup_battlechatter
6fee1cc282e07e3b,lc_do_tick_damage_player
6ffdd837c4fe2982,playersource
702b50a45a0bb141,hide_cash_bag
704edfac805ac331,script_bundle_setting
70542fe843ea8904,radarpingsweepradius
7079bd5d79593f20,attach_zoom_type
7083a21e2021d039,yawdeltachange
708aa0b1c23391a6,animscripted_enable_collision
709554e80ee6e227,waittill_any_in_array
70aa7c41dab22ee3,nightmare
70d82e67cad72f35,outlineequipmentforownersharedfunc
70ff9b1a2e98a811,genericblueprintweaponkey
71175296bb714427,ai_rider
71362d3544005954,tension
714e4ad5ea1fa2b0,scout
7196b07630efcc5d,grenadeweaponobj
7197234117574464,angletodyingguy
719a05f1b56bdcf8,variantobject
71e1cfbd37df26e2,createnavobstacle
71e47286bc09401c,set_dont_evolve
71ec7cc5326e15ba,registerkillstreaksharedfunc
71f5b6e088fe9857,souleaterstate
71fc005d98a9e697,ignore_ents
720325cacef69c84,sprint_slide_end_callback
72169425ae4544fd,wait_and_execute
721a99ea5b048315,engine_visual_callback
72241401d08e475e,wheelstodamage
7241707c5721a741,stringsurfacename
724fe8e3ccb97753,b_line_top
727533763db26c12,setchatterdelay
72876b4dd52453b6,set_disallow_slow
729f45cb27a9d7e5,dyndofexpdisabled
72c1490d8adfba34,scene_play_pause
72cb614f1e295f02,move_vec
72d3b996e6ae4b55,killstreak_switchbacklastweaponsharedfunc
72df09bab3ab3355,add_corpse_proxy
72e00c2998fba6fd,no_response_seq
72fef12b3927b40b,current_angle
7349c7a6c93f7047,innerrange
7362fbe78a0a00b6,cap_reach_and_arrive_terminate
736513948f96f9f9,usevehicleturret
73714957f6394f2a,healthpercentvalue
73749822aa930fa0,registerplayerkillstreakweapon
737ed8575a9cb764,cap_playanim_pushed_hard
73ce5b4c33cfa541,prestreamasset
73e3c1bb960eb863,suitoverride
74250d8d54a34adf,notify_count
7453e171886cd548,xcamtrack
7475a01e42d74f14,squadspawnpoints
7480b6262857f5ba,startshotindex
74960883bdb76601,starttimeinseconds
74b31cb79551b20a,playdeathanimcommon
74cee6223b7fcd43,initspawnoptions_spawnfrompositionsharedfunc
74e96b9264d6744e,players_nearby
754191f04d463c35,timepercentvalue
75458f16bdf1368c,getinteractionorigin
758c143ea9df690d,a_points
75ed9ce4d5888c0f,tacpoints_to_watch
75fc6e6e0569229d,vehicle_turret
7623c77dc7bdbb89,targetmarkergroupid
7624a82cebcf9c61,client_character_spawn
7646a1b2915468de,stowed
7669dd4fb560ebc5,cap_isinvestigating
769936ec1a9e880e,worldevent
769d253282332f9e,lc_stun_and_damage_player
76b0c3373e5be34f,on_exit_vehicle
76c334b5f0219cde,PrimaryLabel
76fa954d53fa1435,set_parking_brake
772ffcf2349876ae,point1y
772ffdf2349878e1,point1x
7730eb57fd31aeea,assign_seat_corpse
773504f2349eb11d,point2y
77421bc912ca5b36,takeweaponsharedfunc
775a723f007fb232,getridofkillstreakdeployweaponsharedfunc
7765076070c50851,trickmap
77b5b0a45057d866,set_door_frozen
77d20b4e49d931b3,civreactdata
77f0ce30fc0a0636,detonate_on_target
77f83d3835410d2e,issharpmelee
77fbaaa4ebc4c291,set_non_deletable
7805675802747ab8,dvarfocusspeed
7807ddd94d662258,turret_target
78150143df380fd7,xcam_match_entity
782018b1ee745f27,set_status_checked
7822768f6e3301b9,getallteams
78347e92acdf4c9a,requestedvehicle
7846c0aacadee0f6,weapon_x_vehicle
7885e3291fa9ca6d,hitstokillamount
78c4e6edf3109839,room_name
790f04d108e4c481,dialogueref
79208f1e980e555f,cap_propanim
792276a508ec7f1a,sfxgeartype
794c4624f275e037,choosenweight
795f8b8921c5b492,comp_poi_definition
795fb6a01df7b8d8,haswartracks
797c51bf258893ca,build_is_boat
79809b1a6a389161,utilflare_shootflaresharedfunc
79b85152b04adf1f,player_revive_save
79b90bce643494ab,damage_metabone
79ba985c3a2c6d8a,isscriptableinstance
79d0243547ca5195,ascender_used_funcs
7a20efa3b1aaed57,countdown_timer
7a3126f0fdaf0a61,killstreak_weaps
7a47663428e2a66a,update_player_weapon
7a528a0007593db5,canmeleeinvehicle
7a5cbdfbc77966b5,damageproxy
7a6147bc4943e370,dumpfrontenddata
7a6d6dc89a06d691,entitytomatch
7a7ee966449fa7eb,allowvehiclepredictiveragdoll
7a9e90caa2737783,invertedangles
7aa2c29f55674736,addrecentattackersharedfunc
7aaaf478376fc87d,pos_b_ground
7ab87fa8949e1ddc,stream_and_wait
7accfffef891d876,turret_hastarget
7adeb4c578a40fc4,getclosestenemyspeaker
7ae31cb9b4e1c115,getinteractionidsfortargetname
7ae37b5a8977104b,telemetry_utils
7ae4ca45fe9ff944,scene_notify_state
7aed86401ab75f83,pre_stream_play
7b2e36881b8cd02c,hint_open
7b3d41c882854946,characterlistname
7b4b46d371519325,vehplayers
7b72be42471b5133,weapdev_find_host
7b797c8e0de52071,set_hide_stowed_weapon
7b81be2ff0d35c4f,get_metabone_maxhealth
7b905686f322be07,mark_distance
7ba7385968835a67,playingcount
7bcd371da7fd3f77,get_target_pos
7bece7d0a0b448ee,saved_metabones
7c00f186ec70213a,alert_corpse_name_alias
7c0c7f26b6159bd0,strictmatching
7c14ab2f3ca0c4f0,ww_shared
7c2371c1396e1174,cap_loopanim
7c29a13db886d516,vectorforward
7c2ba4cf9486f648,scene_shot_omnvars
7c5541c5fda02c59,targetshit
7c5eb0e985e1d8c4,emp_debuff_deregister_sharedfunc
7c725f6703ab1e75,souleatersuccess
7cb78fe251a14b5b,gamemode_supports_respawn
7cbed123205e2e11,inpassthrough
7cc1784f5c831c50,roadstartnode
7ce217a3236fe968,player_loadout_save
7ce75548ab517f64,hideshud
7d082f909fac51a3,on_death_score
7d3145f64c6bcd53,should_queue_hint
7d8396bd4ff4bf8c,depth_test
7da39a1cacb29878,get_text_safe
7db3d9152ef3162f,reachedlkp
7dbd588d2eb3dc42,weaponcamolist
7dbe6b7060c31bf8,startyangle
7dbfe73dffd45e75,spatialgridadd
7dc8598f20a2685b,notehandler_champaignglass
7dc9218ae5d2578a,scene_arrival_types
7dddfde29f4eed2b,n_total_time
7dff03affae6f00c,dyingguybeingrevived
7e196639a87d0150,anglesmetotarget
7e1b7ab52d54e7d4,aiindex
7e2cadae8864df5b,weaplist
7e4bf1b30c77e5b7,light_visual_callback
7e6c10641c1c235e,thermite_bolt_sfx
7e77fa95f1a84cf6,prestreamassets
7eba533cd7cab749,iseligibleforteamrevivesharedfunc
7ec88334f954da4b,scene_play_player
7f0f35536b352248,gas_delete_decoy
7f28eb955092f50b,getboundscorners
7f52823cfdedd8db,build_smoke_deathfx
7f543939155b54dc,draw_debug_stam
7f59b532099d06c7,isplayerinorgoingtogulagsharedfunc
7f831c4a1e766b8e,getxhashasset
7fc6b5b2d115a0f1,vehiclefindsafeexitpossharedfunc
7fce1e0957fd103b,host_migration
7fe41f6e62918fb1,alphabet
80123ca4348419fa,activebydefault
802a70c4ddfe6ec8,optionslist
8045cf808b6144d7,playergulagautowinsharedfunc
8046f9dfc11eaffe,vm_notetrack_monitor
805d8312cfa66efe,enddelay
805dab7f4398f073,getlocstringindex
807431ba1124304d,lerp_value
8089a398faa20eaa,chosenpos
80a3e7a6788af817,didpain
80a95f340a7c8f67,buff_weapon_apply
80c39a64c7a0542f,planner_plan_active
80d164346dfa9994,hintscriptable
80dd26425102867d,set_nagvars
80ea05f7cbc114fe,overrideholdtime
80f47e6604a0bd05,traverseproceduralthink
81123325fb8ef86e,additemtobackpacksharedfunc
8115f608589c7632,findclosesttacpointinsight
81266f9e44d091be,bypassweaponswitch
81394d1463f8c585,mappings
814049f5d10e92f1,combatmapid
8141f5742faf8bae,expected_string
81557bcd4ddf6a05,callsharedfunc
81629e06cb2a4380,angle_rotation
8171ced4f1962472,cantracetoai
81af254089ab73e6,monitor_manglercannon_charge_pressed
81b19b3facf32f9f,hack
81e34c49e8541eb4,allowreloadwithoutreserveammo
81f30216dcd5d540,object_pause
82092735474fdcfe,ctoraystart
820a32d71b618d4b,isaitypenamevalid
822281f2078b8127,update_occupancy_lights
822ddd5a38d19c29,get_sfx_alias
822f9670a0cd0dc0,playerliveragdoll
82389b37b6057fc6,playermaleindex
824858345d27c433,playerviewarcenabled
827f5da05093c38e,cleardormantaientry
8284ab131daca315,preparekeepanim
82c8f2e9bad861bc,setinfiniteammo
82d4b41f2a9c2ce9,playerdefaultsuit
8307243f1f46f698,getturretweapon
83194c3a32be2041,rolename
8327b9cd020cadb4,create_reactive_armor_explosion
8330d549e217ea09,freecamrequested
83425b8fc447ead5,showpoweruphudsharedfunc
834f82f25857f6fd,set_allow_give_super_point
835be6eb2e3d288b,registerkillstreakstowableweaponsharedfunc
838440a333a1ea97,clear_lkp
838764575b0dd877,single_func_internal
8398eb86f0776897,hit_dot
83a6e6f7190358a4,debug_active_character
83acd124c7845a3e,removebunkerbusterattached
83b5f6ccc840848e,v_spiral_offset
83ba3b01ca4cc29f,isbattletracksowner
83d578e30343b084,printspeed
83daea4c0e04997b,opendooranim
840153567385cc6b,ignore_combat_attractors
8408a7c55ce27a8b,focalpoint
841c332d4cc9f797,timeremainingsecs
84328709396bb762,pack_damage_data
84d0c840e0de65bc,initkillstreakweaponmap
84d4e3233dc4d3dc,n_radius_start
84e98e01c8cefd9c,issimulationplayer
85006c87f71e7545,absolutehealth
850f6838a359bb61,killcycleincrement
855e5f98c516bd25,script_getplayersinradius
8569ce18e2c588e2,issilencedattachment
85dba3849d51023c,toggle_on_state
85f6f0549b1f9f7b,build_iw9physics
85f9b34a2668217c,str_speaker_asset
862483ce90441c87,getplayerweaponraritysharedfunc
86431c2d7f105aee,set_weapon_class_mod_damage_for_vehicle
865cf3679b7014b4,prevpackedvalue
865f806728bc46ec,killstreak_assigntargetmarkers
8663dec0d6c19679,getentarraybytype
8668eeeb8bae7781,animset_name
8698782fc5685248,laststand_protection_explosive
869fa2ccd255ce3c,followup_reaction
86c8ef38c1d862ea,calculated_island_id
86f2fd37d36948b6,load_vehicle_rider
86f719ba10d29e02,createinteractionnavobstacle
87129968554de3c3,cap_hasalias
87198de5ab44f907,airdrop_escort_init
8733bbafbb815948,corpsetable_mapname
877815b778be0789,set_allow_supers
87b39e587eccb1e6,gettagindex
87b499247f2db1f3,setglobalescalationtotalcombattime
8831768043b7d8dd,client_character_teleport
88432a9a2467d40f,set_hide_operator_backpack
8868380bd929827a,create_partition_fallback
8896e77533d1b75d,isbasebackpack
88a2bc595ccafc6d,divisortick
88e5141faba02004,entercombatevent
88f89e142ff913ac,registeronluieventcallbacksharedfunc
88fae2e2e6c00542,requiresleanout
890559684b1ecb60,get_partition_cell_coordinates
8907b66cdbaf1f3e,bsequserorigin
8910d358279a855f,assetref
8916df03c10aeeda,capnotehandler
892f0fc4e60907c3,anim_end_time
8934531472a8965f,has_reactive_ents
8941974f08ad96c4,bounding_overwatch
895516b3235d05bb,anglesyawonly
895cb048c224590a,foundshotindex
898894515d5317e0,debugnotify
89a0d9b221568e41,clearhunthuntloop
89b0a937b183c975,getattachmentbasetypesblocked
89b0cedc3f528db4,did_start_notetrack
89c290701fb18e61,damage_metabone_state
8a4be28d3ada0c69,on_killed_medal
8a6174b0007991dd,ispubliceventoftypeactivesharedfunc
8a787b3e28425621,constructalias
8aae5033f53ea457,notehandler_bread
8ab514ae7e451e74,buffs
8ab5d89bd83b5406,jump_begin_callback
8ac4daea28130c4e,refsceneobject
8ae35f5fefa57339,_playershowstack
8aec081d353afbf7,set_allowmantle
8b02f39091f9675e,issuperinusesharedfunc
8b2ffab5b798a532,sprint_begin_callback
8b38506364dc479a,doscoreeventsharedfunc
8b39727dd02be0e6,vehicle_setvelocity
8b929db1c0421d07,a_scene_structs
8b9637ffe9c9096a,maxlaunchstrength
8ba4713b1783f6eb,torpedoradius
8bc9adb50a0ee25d,sceneobjecttree
8bcead5eaf4f09db,setheadiconfactionimagesharedfunc
8c01ac49f06d3d70,blueprintdefindex
8c09ec53d35a53a7,currentshotlength
8c0b0ade9300e70b,getactiveanimations
8c188a125aad1a67,initspawnoptions_spawnfromentitysharedfunc
8c25621b7e6287c6,convert_transition_data
8c3bd362bba79ea0,rechecktime
8c4ec2d72486cd75,repairsoundlocation
8c5056ba6f7bb613,get_visible_roads
8c8468a6d9dc1e2f,set_ignore_ai_collision
8ca4f672db257850,set_rider_values
8d05097930e273cf,allow_movement_player
8d1551a2c9ec57f3,requestadvanceontarget
8d1cba1f7578d055,actname
8d2a14bc0152e2ee,array_random_slice
8d40254effc2da5e,alternativename
8d4527393d6576ff,headlook_graft_node
8d4f5e01dc1af2e8,vo_radio_emitter
8d5b248caa3d1943,delaythread_internal
8d646c1f4f65dece,b_drop_to_ground
8d7148a21622c111,setlookatenabled
8d8d2538412acad8,handle_underwater
8da96141eaec0499,player_damage
8de9a3cdab364d84,getvehicleanimtargetorigin
8e55b1e07fa2546b,mantle_end_callback
8e5b769912dcafb2,player_active
8e5b98f4f571225c,enemy_weapon_class
8e5cf6465246b709,frame_1_time
8e62588c217b7ec8,carearadius
8e768221dfa2f8a9,is_movement_allowed
8ea2174cb22cb502,bcs_init_locations
8ec3cb18a224d954,fallback_seq
8eca37ce56a2c3fa,send_combat_event
8ef464217b6fc87f,rotated_dir
8eff8abb44086548,initializemines
8f2e8c264c93b535,object_anim_end
8f53b0816413be9b,canseedyingguy
8f5c8ba353b9ffe1,stop_heli_effects_after_time
8f8704fe101cd0df,newcapgroup
8f8af5e1bb73f5de,is_empdsharedfunc
8f9d5e17b693acd3,clear_allow_movement
8fb9c7f01c3420ee,bypassdisable
8fc19eaded4383cf,knobaim2
8fc6122138278f7a,canseeenemyfromexposedatnode
8fe66e18c5435268,get_from_navmesh
901d015765c1117e,brcargoplanecar
902aff781fb98f0f,scene_set_state
90442da4af32356e,player_connect
9045f2c2707d1051,objectshottimesec
9059d2ddec08d7dc,sceneplayshotindex
906751e54d1bf5b3,get_metabone_health
909c00577c56aa35,object_set_anim_rate
90c24e71dd5a1a8a,pingable
90c4cadf70686d3d,destroy_on_death
90c69839c37de2a1,aigetsquadmembers
90e4fd8d9455cdfd,newtogglestate
90fadb9d093f92b2,roadnearstart
91057f4d7700706f,torpedo_trail_iterations
9106b3825dbe5f8f,sightconfigtemplate
912c602e8d3066fe,turret_update_firing
912d5194f523c8fe,itemspawnlistrefs
9130178e037ebb56,cap_isidling
914774a0ab12969e,respawninprogress
915bbe409194ad7e,shouldmodesetsquadssharedfunc
9165f7ab2a1b8b8d,threatbias_id
9167e579b1e07066,delete_on_flag
917fe6ac4e993727,fixed_sound_aliases
918092fd0343f8ae,call_with_params_builtin_noself
91841bcf6ff10889,nodestried
91938c754e625ed3,animposdelta
91a2319f82fcfa74,doprestream
91c2eed4926ac7c6,show_cash_bag
91c57b090e23ea8d,excludewaterclip
91ed3ce85513d655,currenttimestamp
9200b427e12f62e0,br_forcegivecustompickupitemsharedfunc
9219ab6c250cdbd9,dormantentries
923a40d79ee11858,barriving
92b2c5eabba31eb0,setwearinggasmask
92c116716f721e33,notetrack_scriptable_wait
92d2b638d756adff,markerwidgetname
92dd99861f2ca9ad,start_ground_pos
92fef8fe5211a388,get_adjacent_arrays_from_partition
9300ec6bd78e7f42,debug_metabones
9302742c0875bf88,support_0_scriptable
9306de61005fc497,closest_dist_sqr
9323962b1e17315a,set_reduce_damage_effects
934bce44b11115bf,allowwalljump
934ea66ab840b605,push_strength_min
9371b06ab86713bb,push_strength_max
93793a85df5e5231,trackownerid
93b07cb4763cead7,vehicle_spawned
93d8eea713f8560d,get_closest_object_in_adjacent_partitions
93e339a5ece6a65f,scene_play_wait_skip
942a051f5064dcc1,mtx_mimic_execution_cancelled_watcher
942f6d130b812de6,hurt_col
946635fd1df30ffa,get_reserving
946fa5ec1341b850,b_found_shot
94850857710e138d,watch_damage_notify
94896e6cc9006981,targetmarkergroup_offsharedfunc
949f2f9945dcccf5,codecallback_playerdamagescore
949f39e44ca9630b,iteration_move_distance
94ac794bf7cdacb4,vehiclenodeheading
94ace3cd374cf75d,say_self_delayed
94c7074995321b81,vehicle_stop_anim
94e39fcac5c58cc2,vehiclehash
9503b421fb8ed25d,lightgroup_name
9536010b760a3c95,corpsetable_collision
953a38130086701b,invlinkang
954301780e6300d0,getattachmentslotsblocked
95445a6684f51c52,print3d_for_time
9610dcc083b0f8c8,does_category_exist
962847dd6f8bf33e,scene_shot_play
96787ced0a7da800,explosive_mod_value
9679b0a0e660244b,streakdeploy_doweaponfireddeploysharedfunc
96ac4c76312bb3dd,visibilitymode_unpackvalue
96b530e9a235870e,isplayerwaitingresurgencerespawnsharedfunc
96cdf61ebedc1408,defaultprimaryarray
96e2516a6234397d,handlemovingplatformssharedfunc
9745050f25510f72,guypackets
9745f43e306f4c26,fn
974f3119d659d374,runtime_trigger_func
97660a74a9989a8a,killstreak_dangernotifyplayersinrangesharedfunc
976dcdbfa503eabd,nextshotnames
978ae5ddcdf4930a,toggle_panel_pressed
97d92787b5845c9d,forcegivekillstreaksharedfunc
97ed304f8cd4bd9d,isrunning
97f0050371457b7a,notehandler_sleeping
9813f7b99e88bd31,getfreeaicount_sharedfunc
981f7b2cc3884170,bcs_chatter_settings
985141fcf9952d43,center2
985142fcf9952f76,center1
98639fa002bdfbf9,newanimstructarray
98755d2600a450c1,eventlistadd
987f05c69396b6be,setfiretimescaleon
9886cf08b0e190dc,freezecontrolssharedfunc
98972386f13fdc83,chosenvehicleanimpos_deathimpulse
98ae1f41148cc661,addbattlechatternotify
98fc1f2179e42c26,frontendfiringrange
993a8764ffd3cf2c,freescriptables
99408de602ffa24c,getattachmentsblocked
99517a81df462d56,update_riot_shield
995a440a1778e156,infinite
9989744138addf81,startxangle
99922c35927d90cc,huskdamageableparts
99a624d3834b9ef5,valuesid
99cbc7d598ae5812,in_pit_pos
99e4a3afa637afa1,getanim_starts
99ed6a1bb065a301,turret_pause_scanning
9a3a6ed9516b894c,startz
9a40bed1232e8be5,selectedvehiclenode
9a4cfeee0fc75d8e,startms
9a610c3ddeb968a6,shot_delta_motion
9a8f6b1c8a440979,set_allowdoublejump
9a90bee4a90b892d,noanimwait
9af7d18ab7255b7f,is_vehicle_spawn_struct
9b1176ed4f94e07a,demeanorend
9b3e83d2ea1020c9,vehicledlogid
9b639e1ff9e68cca,set_ai_lightweight
9b666c22906cf860,collectible
9b7137b1581c88f7,debug_tag_colors
9c1248ee95bc9f40,radiuscheck
9c160a263eb47dae,interceptparams
9c3657ffd1b7d4df,castdownstart
9c69ca1ce3509372,fieldofview
9c6a59190a1e434f,scriptable_array
9c847081eef6f325,throwinthread
9ca7a35050d14907,matchsetindex
9cb397a84888ea3e,navrepulsorremoveondeath
9ce5f543fa2fe8bc,vehicleanims
9d1d933caad1dc07,half_angle
9d2a72a865a38b04,dyingguypos
9d2ceb35c2c4cc2a,hidequestobjiconfromplayersharedfunc
9d77361dcd71aee3,v_print_origin
9d79472a6666b44d,inoobtrigger
9d8fefb12cdb497c,forceenableoffhandsprays
9daa30d9ff167aa7,enemy_yaw_vec
9dac11f7ad248d9e,maxburstduration
9dadaaadd9701645,array_thread_amortized_proc
9db0e33921ace5c5,validator_exit
9dc3291b9166c26d,alertfulllength
9dd4ef6e9ad225fc,forcegivesupersharedfunc
9df3c7ec93e91c49,fallbacksuit
9e01c01a8c874beb,setup_iw9_battlechatter
9e034e3b2fcf320b,mua
9e25ea6047a4d4c7,streamcameraorigin
9e52ac1cf485357e,chosenvehicleanimpos_sittag
9e583bfc7e754fbc,broadcaststealthevent
9e6c656b55f983f8,queue_enqueue
9ea613810a8347bd,isconnected
9ea98c1d15ba99ce,normalized_float_smooth_in_out
9eba7f68cef3b431,adjusteddamage
9ebb2dd8ce531e4e,bottomrightback
9ed9b214c64920e5,hint_show
9ef66aebc21d7192,client_character_link
9f17e21ef289f9a9,movingtodyingguy
9f357801d4f3579e,offset_horizontal
9f4fc29bebb432cc,no_death_detection
9f5282b40f2df2a9,get_driver_restrictions
9f52c3e82fddc399,localcorners
9f52c96b219c89ad,flag_set_array
9f6c406b7153328a,start_activity
9f78fd6866a46c6d,onagentkilled
9f7b7aa15944847e,starttopointup
9f9e64e6f0d5a2c0,bootstrap
9fb3f4e85f34d87b,object_match_entity
9fc2fec557b1339b,deprecatedtraversethink
a00a78a5ce7bcf22,sentinel
a03a7e4c45ccf7ef,set_ks_dont_forget
a0704b0edadd259b,isweaponthrowingknife
a08e24221056018c,nag_wait_all
a0973d2210605735,nag_wait_any
a0a1d7792d2fe4e2,stored_spline_org
a0c832410f58da27,stateinfo
a0d18b9a3de11d2e,set_force_enable_offhand_sprays
a0da125b7486ddcd,watch_monkey_bombs
a0e13ad72f767f32,doorclosedangles
a112bf698988c193,other_isnear
a11389d0848682df,object_scene_death
a160cfee53a80a91,removespawninfluencersharedfunc
a16f3aacbb475aa6,go_to_path
a1a6fb5ee3ba95a2,playercleanupentondisconnectsharedfunc
a21181ac3f485eeb,has_anim_intro
a2442a0af9a39217,removeallfxmarks
a264bf3497092f5a,dropweaponwithgesture
a2816310f8e01445,client_character_delete
a29adc1232d07a43,array_insert_array
a2c53294c2aa8041,debug_duration_frames
a2f7492330f7f79f,doorent
a31809e1d58f0980,activity_type
a341582331489de3,dooreye
a35b358d899efcf6,stop_follow_roads
a36661102392f293,segdelta
a3bcef6f5f10cba3,getaitypescriptbundle
a422fa18c901092e,operator_scene_stop_internal
a42c72624fb75652,teamtocheck
a44b44aa0b669b2f,fsm_specs
a44e452e06f11275,registerkillstreakweaponmap
a47af85f81471d84,bucketdistsq
a4800b77fe1849f2,should_hide_part
a48d76f0713b9384,lightarmordamage
a4a8a4c917fab476,remove_from_partition
a4e811d073d46e2b,radius1
a4f5c01d298a4a46,collection
a50a15927bf945c1,validate_spawn_data
a512e58fe420f0fa,explosivehitsperattack
a516e93584b3a2f3,itsceneplay
a522b22e20ed58da,repair_tire_anim
a52cdc5626d7d5dd,validatetuningdata
a59343c3dc7d87e8,respawntokendisabledsharedfunc
a59cab947b916cb6,activeanims
a5bca0c1befa6ca4,displacement_right
a5c752b3c63769b7,waittill_any_return_params
a61053c7e05eb211,arrayremoveduplicates
a6136d4f7c9bbb23,animislooping
a621e99c3f3cff87,buttonprompttext
a64f3d396c9b6224,animstartyaw
a650ae5043e725be,up_or_down
a65b8b5afb6cbe2a,scan_for_targets
a69b4e36b5be3226,subclass_to_aitype_map
a69b5d01d41eb938,animyawdelta
a6a21a2f91a13d1e,point_on_ground
a6bae9552771ca6f,expire_warning_second
a6bb151d99eb43a3,get_ground_positions
a6d285c122d6432a,allowactiveroll
a6d48b868d228471,usecustomreact
a6d79799bb932140,gettraversaldata
a6e410cb2133bb1c,hint_remove
a6e8ae79cbed4a5a,lookatspecname_current
a6f5e24bed5c7f62,final_threatbias
a706785ff83cb223,aitype_to_subclass
a707efc755e09db2,eye_fx_id
a739f0652646fb33,new_collectible_struct
a73fe9abe44c14f4,max_stock_ammo
a7cbf12a49a2f11c,getgamemodescriptbundle
a7d26a9a653b0203,refpos
a7d44c876e0b03b0,teleport_players
a7f500116a1c04b9,set_allow_health_regen_delay
a801e26305db528c,ai_vox_callback
a807577e0d3b0f46,damagearea
a8147e6a98a38f54,skitangle
a82a51189b58408e,worldeventdata
a833c36d4ad1a864,percentcomplete
a83db885a74488ad,dyndofexp_trace_internal
a841d2c24597b9b2,souleaterfail
a843ef3f65dfcf3e,atobscalar
a845e046e4d9160b,debugtaginfo
a854382cd6a348ea,showquestobjicontoplayersharedfunc
a85e80e48b0a7a94,crushed
a887952f6b595ba4,send_val_notify
a8a66fc0fefebf38,getmineignorelistsharedfunc
a8aa6906b5ff9d68,on_sv_spike
a8c6e1db9a98f5f1,weaponcleanupcallback
a8d1b98ea8e4c341,reactiveoperator
a8d496ac059aedcd,getdeathanimdata
a8e62e89a268719e,defaultlookatspec
a8f9dfdffa161ebd,debug_create_devgui
a947a77c1ffbad7a,highpriorityload
a9485e6a874a730a,metabone_debug_info
a950474b75ebb0a6,monitordisownedgrenadesharedfunc
a98823b5193d96e4,validate_road_graph
a99c6cd2eef88212,flipped_end_callback
a9af74e279502c1c,empweapon
a9b121e285eb7074,isrespawningfromtokensharedfunc
a9b1936fd0f91f3b,create_partition
a9c3422d8a0f46d3,audio_move_dummy
a9deb9e903302ab5,stop_all_following_vehicle
a9f85bb4a88024c5,stopshellshocksharedfunc
aa162266a9f54b8d,mtx_crashdeath
aa1c90b8c117d058,turret_templates
aa1f6408c871d6a0,fwdlinkoffset
aa2699539ae43935,dot_cline
aa54c16470e3a9c8,enablenotify
aa5538686842c98e,abort_tactical_goal
aa7babe636961f0e,b_expensive
aa879ebbdd985ecc,cdoorpadding
aa97587a6ada8c65,stop_moving
aade00940cc00789,crateangles
aafc0ca8e67ed634,timedouttext
ab1fe7a61bd9497a,a_ai_types
ab28c7c315667062,debug_draw_arrow
ab46866dc1e4c80e,dtp_begin_callback
ab6c07192f168666,vehicle_owner
ab7d029c8f7bdd2b,genericblueprint_playfx
ab905468c2b4e61f,setupmeetuppositions
ab957baae813f120,cap_chooseanimdistance
ab96ca81f17085d6,scriptables_key
aba643319c40b77f,vendetta
abc5735107688dca,float_viewfraction
ac0938be41101ad6,get_blackboard_cooldown
ac09dd92b7250c46,setbseqphase
ac130d84a0eb32ff,shouldexitloop
ac131861d5a7c389,player_inside_landmark
ac363df0c4bb98e4,v_move_to
ac45635e35912726,cap_exit_long_death_death
ac5173199f83b454,ob_laststand
ac5a767cb031d84b,vfx_root
acdc755ebdc94bd1,onbailout
ad0f3677aa327710,scale_y
ad0f3777aa327943,scale_x
ad1419d7779cf22c,interactionorigin
ad6681d7d06bae11,set_disabled_state
ad67c3e8d22e9eda,set_corpse_values
ad6d693d882e5e9b,firingrangeent
ad74393df579cd03,victimkillcountthislife
ad7812e81749ed3a,playxcamontag
add69db22c3e940e,bcs_chatter_name
ade83b82b79ad311,addspawnviewersharedfunc
ae2d2cb168819b86,debug_arrivals_on_actor
ae4a6dcf1842b70c,enabletimeclose
ae5be1a2238765f3,smoothness
ae64bccc21013f90,corpsetable_model
ae7e2f9fa9af1fb9,set_disallow_knockdown
aed2aa0b09d9c90b,oldspeedstate
aed9bebc4046ed50,ai_jailer_settings_default
aedbd58d5fb3b553,camofields
aef1d9ace20c6967,obb_half_size
af0ef599f7ab8696,metabones_def
af2d366f9522f76f,do_telemetry_callback
af5ec9f011afb397,isbrpracticemodesharedfunc
afc64bc64c4c9d95,island_to_color
b01080c02c7c8041,setconfigvalue
b01eaf7bdeafa027,fromtimefrac
b0288e7612f34b50,ratregisterfunction
b02dc51e7399490e,set_metabone_state
b0689a1ab8b93fb5,check_delete_emitter
b08f196bf9465448,laser_on_thread
b0909247cbb9a9fd,b_line_base
b0921d816f8788f9,getkillstreakairstrikeheightentsharedfunc
b09c79250a78463d,gatefrequency
b0a4be9b1faa207e,givegunlessweapon
b0d6377994488c47,damagefilterfunc
b109dfbf2cb096ff,agentseats
b1188d6a6c31ca63,stopsceneondeath
b121a4e17461c746,init_param_str
b129364ef52ba4a9,canstandup
b13392d83a0191e0,getoperatorskinscriptbundle
b15e5f73f4881871,stance_changed_callback
b165b8a198e200d9,fxmade
b1b03a72fc8e375c,lastaimtimer
b1c32abe6da15abc,stopvehiclewartracks
b1d16e4f61860082,selectedmtx
b1e1b14a9d31f8a6,obj_has_animations
b1e84382e568ba0c,anim_gunhand_set
b1feca4e5bc8e6c6,abovevelocityscale
b20b54e5f7666265,streakdeploy_doweapontabletdeploysharedfunc
b20cd24c7d75deeb,instance_is_registered
b212be42cdfeca4b,allvehicleseats
b26f782b6bed85d5,cap_reach_simple
b287ec155fd7f53a,enemyweaponevent
b29557767a011f66,totalseats
b2c759cca5b86198,newasmname
b2c97b660aab5060,hunt_name_alias
b2fc5acea9f2c27f,scene_play_internal
b3021de8b0f2163f,set_disallow_body_carry
b339b51ecae661fc,set_notify_state
b3502c25c769c8a4,src
b35e3d5225d8ea5b,tracepoint
b36241dc6dbc0ab4,assign_attach_models
b372556713924825,tagvelocityscalar
b3dc96bd1e697f57,closestvehiclenode
b41e409298199cf3,check_player_clearance
b438f97d7c4dd1f1,get_operatorskin_models
b44ace4f88288297,setup_bo_battlechatter
b45f288b657cfa0e,connectionstartnode
b46697b8e4b2227b,optimized
b4697bd05da2ca38,roadstartvehiclenode
b46fe58b93bafaf3,mantle_begin_callback
b47ddeb9b1e18296,arrayintersection
b486d879de33bb51,setvehiclewartracksstate
b49e8e86c6df8205,pausedtime
b4a556f23ad23304,vehicleleveldata
b4c8cc8d02ad0b95,onadduser
b4d2139b94bade17,getsuperbundlefromoffhandweaponnamesharedfunc
b4ee9a9cccaf970a,maxdrawdist
b4f9b56c79fe847a,hide_bouncecards
b4fd5efac46268bf,monitorstandingonvehiclethrottle
b503ee22461f552e,playeranim
b520987fda268860,turretindexes
b56e40753d91795e,offtimeclose
b57b7b2908df4c7b,repeatinteraction
b594baf6c774413d,torpedo_target_ent
b5ec56d5797b1562,unstablevehiclelist
b60d6069848011a2,set_blackboard_cooldown
b6362f77d70758fb,impactfunc_snapshot
b6426cef277a2742,savefavoriteloadoutsharedfunc
b667a31e620b1487,snappedidleorigin
b66a5c5dc86ed4c3,explosivedamagehealthvalue
b672757ffb0f0d4a,spherecastradius
b677b37214c1cba2,dancing
b682e7196f4556db,dart
b6b22387bf32be77,husknoexplosion
b6b73d66813078ac,srcsq
b6f65449ba25efab,weaponcamoid
b7228e49642d3ae8,create_debug_customization
b722a5072fdbd66c,newanime
b7239d5c34ce200c,message_title_str
b728f4d99df77a02,recordkillstreakendstatssharedfunc
b73062822847941e,xcam_first_frame
b739c09fbabe1579,getfirststring
b74490c704bdc26c,startcap_immediate
b753f96f56c59e29,mtxdata
b76f394c95aedbfc,array_slice_random
b786b4b3f4a1c71f,aiseatindex
b7a2c61114d584c7,waittill_any_in_array_notify_ent
b7d72d3ef7223335,resetplayermovespeedscalesharedfunc
b7de98658b10cb02,setfxkilldefondeletesharedfunc
b7e9f86625349199,vehphys_force
b7ef868920599920,getwaterheightatlocation
b839cd17a1fcb5d2,set_target_internal
b8847e0f3eae2acd,targetvehiclenode
b88ad7b2983e1b54,registerscoreinfosharedfunc
b89c3184dd61b474,anime_array
b8d411a6d64b27f3,pathNodeIndex
b8e50e339277cf8b,targetpitch
b93a03605a117bc2,n_last_index
b94568e3a7672460,dump_corpse_anims
b94cbcb4900f1301,idle_name_alias
b9667fe2ffa90775,add_debug_command_process
b9908945e1ad2545,current_map_asset
b99474950dbc7b65,itemcenterofmass
b9971f6e65e9c208,points_side_2
b997226e65e9c8a1,points_side_1
b9a68085ae16a617,useobjid
b9db060a7651766c,notehandler_pistol
ba02ac76b97863b8,is_dupe_scene
ba043a2dd29526fd,darthealth
ba3e863d16804496,positionoffset
ba4ef6ddfed92bdd,shock_fx_id
ba55bce1d76015c5,getplayersandaiarrayinradius
ba5ef8ce1f6a6aa3,DMZDefaultBackpackLootID
ba821a96d0af754d,isinvisible
bacdb5a68f300fb6,getinthreads
bad06fca32e21947,object_event_thread
baebb0795b75d9ca,scene_scriptbundle_name
bb1331c371ffbd55,reset_rider_values
bb2f202daca0b6d8,sprint_slide_begin_callback
bb407074324a849e,remainingdist
bb42bda1491c795e,progression_utility
bb68defa8134011f,offtimefar
bb740e14e3b6aefc,stam_default_aitype
bb78d52b45b857fa,notehandler_armorplate
bb92290a220ddeaa,brcargoplaneexterior
bba493732f93e6c4,target_nodetype
bba57c2f7dfb0704,validate_damage_shield
bbb46fd1c4790a39,get_weapon_string
bbd4a6044af1270e,awardkillstreaksharedfunc
bc053819b2603268,say_dialogue
bc0c3c1587d13732,isloading
bc224e8db332d356,cap_ishunting
bc251820ab3e83f3,debugonly
bc40dbab25779e55,enemy_allies_present
bc59de7384ac38a3,order_attack_seq
bc6db3e3f00be704,isloadoutindexdefaultsharedfunc
bc97532384f0fc0d,nodetoself
bd104b2c8998717a,player_ads_end_callback
bd160eb7f794536d,obb_center
bd7697d289dbe50d,ai_focus_behaviors_default
bd943ab4dc55622e,orderattackevent
bda11d6bbb0f9abc,cap_playanim_internal
bdb7b3ae9d7e315b,tryopendoor
bdc17d0eeceacde9,iscoverinvalidagainstenemy
bddce983b620ac2f,igc_handler_func
bde267e66074afaf,validatetraversenodes
bdf84ae84c07f08a,getdefaultweaponammosharedfunc
be0ea81fb03c0517,playerteleportgulagsharedfunc
be57b5564cfcbf3d,stunboltdetonate
be65061848197540,set_trial_logic_activate
be72959112d2d9d9,room
bebce04e93b55bfc,isinsuperusewhitelist
bec4b0106dbd9c47,scripted_melee_enable
bec57cd55ffc25ec,divisormelee
bf13343a0c577c52,metabone_index
bf1b8fed0a331bd4,hitmarkersoundtype
bf2ac90b01637d01,dialogue_length
bf2d4b7e8cc853b8,roundedvalue
bf625e88df5aec58,basevehiclespawndata
bf94158f4610b190,callreinforcementsbundle
bf9e216ad3d80711,seatentityid
bfd841da75e30298,arrivalstateoverride
c017dae07053c49a,dmz_frontend_stations
c02c43393e108dc4,player_spawned_callback
c04127d91364a69d,incrementpersistentainumber
c054395efba03b21,closedoortimeout
c062f2682cecc15b,get_name_alias
c071be98a06846b6,set_allow_melee_me
c073081be612a366,turrettargetent
c0b30f2037529dee,cap_lookuprandomalias
c0b4c8f4cb2122d7,monitor_exit_internal
c0ec66074262a5a6,m_specs
c112db77526f5405,metabone_def
c114e0db24566d5b,position_hud_elem
c15b84ee3477eee9,toggle_state_is
c178b8153cc32d88,timefromend
c1a306bff23a8664,pathway
c1aaf741f614f6be,update_usability
c1b11cd475166f1a,armor_data
c1ecae6d28279842,givesuperpointssharedfunc
c1f1bca38cf2b5ba,stopstreaming
c20ec125db5ff99d,teleport_volumes
c210b4052914712e,foundseatid
c24b05c041748215,nembus_grenade_delete
c2734d60bc9bffd7,init_metabones
c28917b50c5da86a,rank_progress_id
c2a452ea2cb15908,say_global_delayed
c2c6aeb10326c8fe,debugtransitioninfo
c2f6746321e32545,checkbadcircleareas
c2f7e4641e292c16,defaultskinbody
c31bd49a8876aba1,registerspawnsharedfunc
c327094fd1d7664b,attachment_name
c32e5df2e1d04476,providecoverfire
c33a7b4a7ee482be,getnearesttacpoint
c3551d7006b7e1a0,say_sequence_ended
c37fabb140e4b8d0,hint_widget
c38644f1895fa744,prev_default_mapping
c3980763f1f19498,is_area_swap_in_progress
c39ab5c52b7dfb33,script_notify
c3b4b313840a061e,cap_exit_long_death_skip_intro
c3e66f78aae7b54b,set_allow_combat_attractors
c3ec68a10cd69ae3,currenthighpriorityweapon
c3f408e0ce9520f2,savedmodel
c4080f7bf60d4131,buff_weapon_remove
c42577d69af53501,support_0_scriptables
c44e5f33018b7005,remove_attractor
c4646562e34ca10c,testvehicleclip
c465cbaf6be9eef9,closest_metabone
c47ba00ce1987f7e,stop_radar_ping
c47d600bdab4da82,setscriptmoverkillcamsharedfunc
c49e68f891a06e6f,check_spawn_clearance
c4ba687181b993c5,trickdata
c4c545620087620f,enemiesarray
c4ecfd8e24b320e9,roadconnections
c4f760e73ba025e2,tricks
c5182d0ed4a0d42e,spawnpickupfromlistsharedfunc
c53f3b7ee34ac027,waittill_confirm_or_cancelsharedfunc
c546cb8e6e5d347c,currenttogglestate
c56c831faf775b9c,arraycombine
c581b0a7a05b6435,v_original_origin
c58c73b693c2719b,script_cs_flag
c5a5c95cb64a329f,corpsetable_loc
c5abf4e40c546214,specificnotifyitem
c5b7e2dc202ab0a7,shotstartsec
c5c10e87844edd3f,display_dialogue_text
c5c6520817493c37,forward_dir
c5caa5892d906e83,str_anim_text
c5e848646817864b,safepos
c60ff4b1f082714c,isvehicleturret
c62afb315b385563,exit_external_turret
c635b0dc08baefad,modify_metabone_health
c6365cc879905dc2,vehicle_damage_clearvisualssharedfunc
c6377f4563014407,inplaylimits
c63888efdaddcd6e,vehicle_asset_info
c64b94ff2cc6ac18,clearusingremotesharedfunc
c657a63ca00fa866,notehandler_stim
c67290e9ca8541da,force_abandoned_timeout
c688a23e066f4edd,addlockedonsharedfunc
c691cb7768531073,shouldskipburndown
c6cf8d56896e532e,inv_corpse
c6d94ff66d9791d9,bcs_loop
c6e1a7aee8226882,lightfoot
c703ee67dccce7f3,v_ent_pos
c72068a54dd6d1a1,load_metabones_def
c7c77583fb92fbfe,str_scene_selected
c80cb7c63c523e97,getmapscriptbundle
c88608287290f539,incoming_removed_callback
c88e05447107ab4c,mayhemanimations
c894d015102c0926,vacuum_capture_distance
c89cd11c33072fed,shellshocksharedfunc
c8a1f2b404dbf1f3,wondervehicle
c8c492eafcc92ad8,sin_val
c8d94894e1fd8fc8,get_closest_filtered
c8e5791b1d17b773,attacker_can_lockon
c8e59309d5563f3e,sprint_end_callback
c8ed747204301d5c,launchtimems
c8f282a7da3cebad,setval
c8f2dd7dcd2cc37f,getnormalizedanimtime
c8fcc44f0afd362d,participatingplayers
c910157cea5c0954,hide_toggle_widget
c9229a2a21f96ce8,set_overlord_speaker
c93078ec3bb0971d,gulagstreamexitsharedfunc
c93d36bfc11b89df,pausepath
c95929d8092e1e9d,overrideweaponname
c95cf2b9afb65153,withinradius
c9635b219967ce5f,radarpingsweeptime
c96b6022c07eca11,skinindex
c99c6862bc75ff26,lobby_world_event
c9b0d708169195b0,prevhandpos
c9d011db06778556,availablepositionsstruct
c9dd8242544cd8ea,mindist2dsqr
c9e0fca55204d8c4,stam_active_maps
c9ea465a772b3387,set_allow_scripted_bgb_use
c9f74e943987e1d2,waitplaychatter
c9fa9c5bfab3cbcb,new_health
ca1c87e447436a42,get_center
ca431f959743bcc0,worldcorners
ca478928dc5fa5a4,medium_visual_callback
ca5a06e170f3b383,bcs_subcategory
cab75db7e9e5b64c,n_brainrot_damage
cacdc8ec017b1062,target_state_index
caceee6f65a86e6f,nodeshighestallowedstance
caf8888068ccdd2a,combineanglesinverted
cb00886daf9384be,spiral_magnitude
cb10d512983d5c6b,attach_2_slot
cb45dbafcf8e5af5,notehandler_flashlight
cba4789ea1db2c01,debug_test_notifications
cba64684e8b087e7,cameratweenoutstopxcam
cbca7f70198c3f8d,empapplied
cbcf682c7788b843,attackpointdistance
cbe892889b2643be,visibilitymode_outlineids
cc01518eb4e491b4,weapon_loc3
cc086d1c45bf6df3,dontdropleftover
cc0eee553a602af0,throttle_wait_in_queue
cc775aabf0fc7b9f,notehandler_laptop
cc79d270e532140b,subclass_names
cca68727458cd14c,bot_wait_then_watch_new_tags
ccdc123013cfa167,taptoreload
ccddf2dfc31fe0ac,assisted_targeting_internal
cd1c0d469715b2ec,is_metabone_destroyed
cd4be93c26edbf4e,goaldistance
cd53be78cf6a138a,calculatepurchasexpsharedfunc
cd54e45808e43fd2,turret_find_target
cd63ccda337e8311,stages
cd640dda337f1204,stage4
cd64ebd565595bc1,battletracksid
cd8b5a9888b84d06,metabone_hit_loc
cdaa2dc4cbc0aa97,lowfuelsound
ce1ec4a85f852e14,DMZDefaultGasMaskLootID
ce4a84e6cdf6ee71,xcam_shot_cleanup
ce710fcb41670993,boot_strap
ce908c3ef3968086,update_toggle_state
ce98599bab51086f,damage_proxy_cleanup
cec37b140e50cd59,othervehicleid
cf0cbe4e64095367,getbaseweaponattachdefaulttoidmap
cf1d129967b5281a,set_show_healthbar
cf3c821ca9e94761,getcandamage
cf49049cfe11e067,proxyent
cf52c741a26af3ab,showsplashsharedfunc
cf59244f77f3b762,nextfiretime
cf6713d9938a16d5,get_facing_entnum
cf7bd877d436414c,takegunlessweapon
cfb53d8647d9e89e,set_entity_mark_air_killstreak
cfdae880c294a12e,setcanusecover
cfe543d770ca3611,stackablehitmarkerdata
d006bcf84c3340a1,forceseatid
d03564090fc4d7b4,fallbackweapon
d04f171d1b9ba122,onagentspawned
d0595ccb4fc780b7,shoulddisablecombat
d059a017ece497e0,giveperksharedfunc
d073cb33a56c2208,viewerangles
d07976294d1e2235,givesupersharedfunc
d08a5cfc202aa3e3,closest_distance_squared
d08e0f0e5bc777c4,last_defined_val
d0914f4e1ffa63b3,clear_show_time
d09198f661db83d3,nodetypeit
d099d1f0b27c4639,equipmentblunt
d0aa8bbfd9d475ba,watch_fuel_usage
d0c2c4928d4ff5c2,scriptabledoor_open
d0ea5ce5033229c7,reenterseatid
d11288fdd9860d47,e_actor
d178b8e9ff24fb7c,script_area_swap_index
d1ad9c012835e383,generate_point_cylinder
d1b77d9f0d29b569,giveaiweapon_sharedfunc
d1b86c0732a152e0,bg_vehcheckp2pgoalinturningcircle
d1c13f3761b811d0,cap_playanim_pushed
d1c6647b95a438c9,hasselfrevivetokensharedfunc
d1d68ce20c344c97,penetrationdist
d1e440244547b9a6,set_entity_mark_origin_killstreak
d222aac7ad917141,maintain_speed_for_time
d292b2d840dcbd44,stealthsettimetolosetargetnotatlkp
d2bfe5b4e26d9d4c,iterationtimeinseconds
d2eb492b9f0fddbf,remoterevivenotehandler
d2f2ffb6648003d2,ispointinoutofboundssharedfunc
d31f0d4f00dc5b64,lvl
d31f72cf98934929,getoperatorscriptbundle
d324610dbdb1aee4,process_starting_upgrades
d3964831db04e5fe,getlootiteminfofromid
d396a10a85f3c566,bone_forward
d3a61d86c7348092,overridedefaultsuit
d3adf7dc693a436f,dvarfstop
d3b6c983801377f4,yaw_clamped
d3c619202ab3f16c,dormancyid
d3fb044434efd77d,get_owner_instances
d4239310c8dded2f,removed_callback_index
d428faa5fdd41d4f,test_array_x
d43acf8fe1e4a8cf,ailookatteamlist
d46775498a753574,newsceneroot
d482c786daf8d456,end_ground_pos
d4925e0ea413bbde,begin_burn_down
d49876d69a4a0a66,error_msg
d4a14b1c2935f397,line_segment_b
d4a14c1c2935f5ca,line_segment_a
d4ab365a2ed863cd,set_ammomod_immune
d4c5254d52efd9ed,resultobjectanimtimes
d4c62d278e1d085b,vehicle_stop
d4da00c745e88c18,getglobalescalation
d4ed3a75e556048f,get_holdtime
d505f743c28f3545,setcapasm
d52314a476fb7bff,codecallback_vehiclespawnedthread
d54ca0182e11a6db,pointtocheck
d554cd5ddb12b9a6,add_to_partition
d58346d2a62d952b,createquestobjiconsharedfunc
d58ad524d081f0a4,switchtoweaponsharedfunc
d62965aa681ca0b1,cap_terminateandreplace
d642494f42aac3ca,arrayinsert
d6698ac3c5c54371,doortome
d69404e803a096ca,n_dupe_index
d69544f2191d2665,all_flags_false
d6980fc2a06afacd,allow_empsharedfunc
d6a74ec238b369fa,clearoobsharedfunc
d6bfc6b808e468e0,newmaxhealth
d73d29dcf609e9c5,clear_empsharedfunc
d746e379b9cefa52,debug_setup_devgui
d7634e6ca8be72ae,getclasschoicesharedfunc
d76d0ed9cd8cb0ab,sceneobjectassettype
d7e4fea731d24020,heavy_visual_callback
d8083afd759d6bee,pitchdeltachange
d814dae8658d26d8,monitor_game_ended
d81720b6b8693c33,default_dvar_value
d829bc3fd4695a45,possibilities
d84ba87aae178d67,flag_msgs
d87cb823e217a4ec,object_alignment_unlink_thread
d87f5ae34394bf32,should_death_unload
d880639147f7e526,laststandoverride
d88a03562709873f,sequence_hunting_1
d88a045627098972,sequence_hunting_2
d88a055627098ba5,sequence_hunting_3
d88f20930fcec367,onsquadeliminated
d897dee97b062905,a_to_sphere
d8c0a429d83b8b2f,mayhem_spawn
d900bf1c1195ae61,set_allow_give_point
d9134f87121b517e,tag_dot
d92294d5559340fd,find_ambush_tacpoint
d927c319d51f5baf,setbattlechatterflag
d927c72b3c7eb856,onuserinit
d94ebbb098fbe0e3,ontimefar
d95e651d069caf38,setgoalposlkp
d96998f0bfccd0af,set_breath_system
d997fb9e4213c391,set_allow_usability
d9a2e78e56549111,gasstationspawns
da200ed6c2f5b739,abandonloop
da4aeb1ee3f60c78,delay_dialogue
da58b9202a82e973,missile_weapon
da848b75a33befbc,torpedo_pos
da9ccce0e519a93a,set_show_ui_objectives
dab792ab7bea104d,r_line_base
dab9850e6dca16eb,cignoreradius
dabb6663ba0a5177,ondeleteuser
dabb6a9674e78b3c,variant_tag
dabc76598ed4e31b,nextseatid
dad14ec7a2e77ece,onagentdeath
db0147ce380c82fd,create_default_contents_internal
db3c4e3f2727b55b,getsightconfigtemplateoverride
db3e038ca7fc3b90,bsequserindex
db481d524b87d7eb,vehphys_isgroundvehicle
db4d7a0e869713ca,viewerorigin
db52d3a6d38a4478,vehicleturret
db59981e61a5b721,earlyoutinteraction
dbb6f7adbaeb1040,setclientgender
dbb89be6fec737b1,kill_streak
dbe4a2c3b0797294,add_metabone_health
dbe5a52a6654a982,_playerhide
dbe6f53cd71ba2ee,vehiclecollisionwatcher
dbed6ed627608714,cap_exit_pain
dbf080348612dd81,frontendsectionlist
dbf40f0be252461b,go_to_interaction
dc18d59c56a03b95,firsttrackindex
dc36010b2b55e552,draw_sectional_circle
dc3f16c4f7b220f0,damageable_data
dc59c25c0d5dee10,scriptable_clearparententity
dc621a5c59f25cd0,starttopointforward
dc930f4d5ca8084d,stam_dvar
dc993db7c9bfc9e4,end_tricks
dcc275b7e77b7fb8,ease_quartic
dce2b2614ee05427,spatial_grid
dcf5ffd76e9d7a9a,relevantinfostruct
dcfbcc0eaf45f377,maximumtagvelocity
dd0a25ebafcfff20,neg_target_seq
dd1c98a15f49ac01,disttome
dd25c38d965bec6e,anime_key
dd26d324db0d048f,update_player_usability_func
dd36404d9835d6b2,wait_to_expand
dd5d7ec4b2bf3ddb,displacement_left
dd66eecf8e69d77c,seatcast
dd77993942850706,dev_watch_scene
dd8e770a5fb54bf6,movedexitposition
dd9077c919cb32a8,scriptmodelplayanimdeltamotionsharedfunc
dd9423e3e039a045,target2vehiclenode
dd9b66d0de93ca58,hintent
ddbcb4117a53d639,conversionkitname
ddc031c642ce77fe,set_reciever
ddc7bdb4d6c04882,belowvelocityscale
ddd8587c734721ba,register_on_kill_medal
dde58913caef735a,getgametypenamekey
ddfaaede7a78e56f,get_param_index
de24f006fe93754b,remove_devgui_dvar
de52cbdeab57583c,getprojectscriptbundle
de58e0b077fa9b4e,sceneobjectname
de784fc1d0ea14bf,object_get_anim_root
de8a2dba98bdeb4e,prepare_spawn_data
dea9e726159ea2a0,newweaponhaspriority
deb5f6e1deaf240d,nonexplosivedamage
dec9dc19786bb57a,isoxygenmaskweapon
dee587549ec427a2,object_first_frame
def280a88dbf9071,focalbone
def312bbb1b93cbc,getaiinrange
df0d9181caf90b23,object_play_anim_ended
df89a6e21b8b4e65,give_infinite_fuel
dfb401c03754f09c,coordinate_add
e00bc9346e2311dc,notehandler_napkin
e00c755affd653c0,soldier2_name
e017bea9d82be76e,str_scene_menu_name
e01cf4f8dc4d9dc8,setaimassistdisabled
e01ee45121b4018a,driverturret
e0264f44bc84f29a,saveweaponstatessharedfunc
e07baae1cf526a03,isxhashdvar
e0b9adefd688e7e2,metabones
e0bcc766ac74ef0b,allowswimmingunderwater
e10d077f0fa11e4c,burstsizestr
e12769377d2b84ad,sceneobjectdata
e1414b0462b19d1e,outoffuelsound
e1446099d4960a04,expand_start_point
e16b82e33913a431,vehicleturrets
e17404c227110392,dvaraperturespeed
e19d02150c7f7b20,vehicle_getinanim_combat
e1a19a7a2a793b7f,link_seat_corpse
e1bccf11b2e6fa21,killstreak_updatedamagestatesharedfunc
e1e1b40d578c7c1e,set_mtx
e1ede02b5d8e8bbe,distancefromground
e1fc29d9ff084155,getplayersuperfactionsharedfunc
e20554660805e302,acknowledge
e225453a7217e8f7,draw_angles_internal
e234097059878761,is_seat_blocked
e25ec0f2e453ada9,interpolate
e273ea3838556c26,set_ai_eventlist
e276f139d4313ca7,scriptabledoor_unlocked
e279c38a4165c87c,script_pathdir
e28cc7fd38e69ee0,attackerguid
e29d79476888e0ce,cleaninstancefunc
e2af6ee2a618e084,show_hud_tutorial_message
e2fc2557f8f4b514,prevplaybackrate
e3215a946a72d123,aligncheckindex
e365d8f09a7f6f27,operatorisequipped
e36a1a3231321172,jump_end_callback
e36dbcc45fde2648,bgoddriver
e3bf2739999fff5f,burndowntimerangle
e3dadaab7220964b,frontendwalkablespace
e3fc254176ccf357,otherweightratio
e40bca834d4122cf,player_prestream_camera_wait
e4248bb249a8a2ef,arrayreverse
e424ea4fc6d0119a,delete_next_frame_late
e44e7f5fd6f909d4,s_start
e45aca4d0239633e,navgoalorigin
e463184e69ebee99,min_radius
e4680bb92e078f46,sightedmultiple
e486fbdce5c2cb97,objective_setpinnedprogressbartext
e48c10b042529521,broadcasteventtocivs
e4ad8fc7102601b4,parmlist
e4b084784a566fa4,createactivityinstance
e4b2c8d4225d351a,seatswitcharr
e4b40c964c824f7d,init_battlechatteroverrides
e4bb8c806a1b531e,notehandler_chips
e4d68d1fa03b6917,spawn_automatic_vehicles
e4e418bde2160c35,string_is_integer
e4eec321f0af1cb2,_playerhidestack
e4fcddb41dacefb8,above_pit_pos
e5001b1b74f008f7,frag_grenade
e51bc57dd41f9819,getweaponhitlocdamagemultiplier
e52d465a5c0c2ddf,laststucktime
e5344f8082d3f872,validator_arrival
e53fba8327a327a7,waterfx_path
e55e3962a3431e09,showkillstreaksplashsharedfunc
e56f7cb8dab40a32,visibilitymode_start
e58c1c5409a9713c,roof_exit_animation
e6041d36d91ce843,setadditionalstreamposuntilcleared
e6151b8de38ce014,dyndofexp_contents
e6206bc3be837a9a,pt2valid
e63376f7546b7cb8,eject_all_occupants
e63f3d4788b954e9,includeshotanimations
e640e3dc30da2248,playergotin
e658511a98005fee,capasmname
e66958b802aa4fc3,bots_tactical_goals
e671d0cb401c31b4,CachedExecutionRefs
e68a895d3fc299a2,jogduration
e6d7367e52d8cc71,bfrantic
e6e64dc4b4bfff6f,player_joined_team_callback
e7089383d6c2666c,setheadicondeleteiconsharedfunc
e73934677d1d337d,getmaxriders
e74b28db80881244,getxhashsourcename
e770a2937db5fd28,xcam_shot_setup
e78ccc8e744b30f9,disable_dialogue
e795c407496e49a3,play_dialogue_sound
e797a3f0850732e9,sightconfig
e7ba514df0f699ad,total_ticks
e8404b6f97dd27e3,startcircleclosetime
e84c4bcf1231d896,chosenvehicleanimpos_linktoblend
e85da0247ad3102e,metabone_info
e87aad95416fff48,animentities
e8aec78d4f52ac96,guy1_name
e8bcb2225f1b8f0e,traverse_next_nodes
e8e1e069df6dfd10,max_blackboard_cooldown
e8fb13f70b9a4db6,obj_get_name
e9031b9938b90688,gulagfadefromblacksharedfunc
e9082a33fdcbb96b,holdcurrentground
e9925980866c2c9a,follow_road_spline
e994397b53207fdf,inareaswap
e9c65c7b453edcbe,set_postpone_stun
e9c66798756c82d2,weapontakencallback
e9cbdd915151cbb5,randomstance
e9d1d44d7dc8670f,bypasscooldown
ea07737cd34391bc,trigger_set_floor
ea37f6509c4ad7a8,mtx_deathfx_array
ea3b18bcb9d3712c,activity_progression_handler
ea48271413d1f8de,user_data
eacc9f7dd9ea4768,rapidkill_count
eb019a4083cef3e1,getscriptablefromlootidsharedfunc
eb23dbcd2ad23a38,getinteractionidfortargetname
eb5942e26c1b3690,vehicleheading
eb5b4b4bfdda9b34,ease_logarithmic
eb79fa8ca5f9a8d6,parabolic_t
eb87a62cdf0480f5,set_ignore_suppression
ebde4fb27ef73757,notehandler_liquorbottle
ec07b893f19ea089,enabletimefar
ec285f245175c5f0,ptostate
ec354bb85bc131b2,get_point_refs
ec37ed8a78b4aa8d,nextaimtimer
ec38d2acb85bf507,torpedo_target
ec4f47e74128c637,initstackablehitmarker
ec55ebfc5f1689c6,notehandler_radio
ec7055bcdc1f62ce,set_allow_perks
ec8b6579799622e7,addrespawntokensharedfunc
ecab1eaf64e160fa,set_allow_battlechatter_vo
ecac6e0758db5e7c,load_map_asset
ecb3770041e3e379,mode_get_func
ecc4a12e2a5cb710,mouth_fx_id
ecc9e4a98e7a98c2,spawnnewitemfromscriptablesharedfunc
ececa1189b9f2458,cameratweeninstopxcam
ecefb6159af316b1,f_starting_offset
ed04599217c604e7,path_percent
ed1459761ea5620e,set_vehicle_disallow_lockon
ed18a63291ad5bc0,getprojectname
ed46600be3197d00,waitforbackup
ed5b070966a0d129,isjuggernautsharedfunc
ed79745b1019f648,security_watcher_thread
ed802cc03e8c08bd,isdoomchainsaw
ed80da93ca723446,set_allow_vo
ed9726821d7010fd,bp_bc_loyalty_progress_id
edd2a6bcd2ce7fb9,scene_play_skip
edd52d685b2c93e5,metadata_copy
ee1bbdc865f36457,a_to_b_scalar
ee236e9f820810a1,aithreadresult
ee2b73b69a2b2e6f,tacpoint_nearest_bot
ee372dbe14109c48,callaceasefire
ee3bab491d7af8d5,visibilitymode_outlineenabled
ee57110f68c74717,dist_z
ee57120f68c7494a,dist_y
ee57130f68c74b7d,dist_x
ee61de735bad98da,tempdialogue
ee66f847eebf97cc,reduce_blackboard_cooldown
ee859cd2501622a5,n_radius_end
ee8b65122de31fd4,restorekillstreakplayeranglessharedfunc
ee91ae6dd9589a34,debugsetdof
eecac55f712ae63d,init_spawn_clearance
ef500d3d9308db93,set_freeze_controls
ef5c9d683bcae0c7,update_state_internal
ef69137bd305b6fe,sceneplayiter
ef8fe8d73c9b91e7,abilityready
ef90568e6118ac66,enable_vehicle_upgrades
efad7b3d79a145aa,nodetypelist
efba5d0590409732,moveintoposition
efc0952c6e301b49,setoverlordlockedpriority
efc2da80936f3b13,spiral_angle
efcbba61583d2b0f,playerwithindistance
efd00b722f4d0ede,glassindex
efd9be1f011e00d7,get_scr_animlength
efdc920a4f739f46,alignedshotlength
eff5b2a6d4242f30,angle_step
f0123538526f6652,draw_directional_line
f014a0c998feb65d,fuel_is_enabled
f01876e32ccdea03,ent_a
f01877e32ccdec36,ent_b
f01b1e09c24b176f,queue_isempty
f04956a57fef9257,createinstancefunc
f077e25aec1b8821,set_participating_cinematics
f08399332702fd63,mtxtransitionstate
f08486be60929567,updatetimeinterval
f097c55b7de07a4d,replicate
f099cffdc0b2c7e4,oldplayerfriendlyto
f0b1f72ccabc6232,toseatinfo
f0c9dd66f3a1e048,checkloc
f0ca1623f05b9982,is_entity_contested
f0d0d9b19f14de7d,isusingstackablehitmarker
f0e2d33d0023af0b,ismanglercannon
f0f2234a3b887900,delete_linked_scriptables
f123651f09469aa9,defaultspecificaitype
f13924daba581776,spawnitemfromscriptablesharedfunc
f17638b31ca85f5f,object_spawn_generic
f188ea89c86785f4,str_fx_id
f1953bc10eae6bd8,clear_show_health
f215d97f7ae67a6b,hash_weapon_name
f229fe12296485fa,showlegs
f22ece313e78f5b8,torpedo_monitor
f25063bb3cba0cd7,target_dir
f2947dcad4667921,allowscriptables
f2e8fd0f21849cd9,process_map_asset
f310d2da3ff96a9d,hwconfig
f316b9e0da513645,weaponswitchendedcallback
f3215d4735cea02f,object_delta_motion
f34359f7526cea04,currentshotname
f35bd004e549426d,clear_all_internal
f3ae033c0e4d155a,set_pause_zombie_spawning
f3db94c7cb6b6461,monitor_player_usability
f3f6a0170c13a098,cantakepickupsharedfunc
f41bc8e835aa440d,warningstartcallback
f41fb446d0de7f78,playweapondropsound
f459c32aa8d402a3,set_lerp_fov_scale
f45dae94fb57da5c,getattachmentfromslotandindex
f46e69299fc33425,reward_trick
f4749474245fdcf9,charmlist
f47922e29a27d174,initialize_loadout_data
f48b3d0b71cd26b3,delaybetween
f4aef633c6b8a86c,minimap_floor
f4b008c2ea22974d,waitdurationframes
f4e6e7e7b8f9ab87,movingplatforminfo
f4f71b263d0368e4,getpersistentainumber
f5062356354a31c3,delete_rider_delayed
f5209a9a04a69d37,contributor
f522d1b4d1522eaa,dtp_end_callback
f537d78d664e8afe,firebarrel
f53efabcb0bae4ef,is_time_delayed
f58e9660812b7d75,allstructs
f5910445088661dc,getteamdatasharedfunc
f592f82969918e29,register_area_swap
f5b17b05658e3675,max_mp_cooldowns
f5ed5bb6944d6bc0,setfiretimescaleoff
f5f5d5a5a8e43492,structs_world_delta
f5f8ad72f0441440,prevalignmentinfo
f5fcdef96e5baedf,blast_damage_inner
f5fdcf5926e22146,statusreportevent
f60fd6b686168f09,throttle_initialize_gate
f612334af2c8b186,maximpact
f62ff202f3183f75,activity_setup
f64303bc1cfe9a4a,scene_play_stop
f6572107481dcaac,x_segments_dbl
f65b95a75df8d4e7,register_vehicle_init
f65e5e42e7b64a7f,dormant_spawn_callback
f67443fc620a9e4b,thermobaric_scriptable_origin
f6c441748a84c612,mtx_weapon
f6c9f5a162ca2c8a,total_distance
f6da308744a85856,hit_loc
f6ddb43073499276,isfeatureenabledsharedfunc
f6e6be97f8ba5c96,f_value
f6f5b8ef33bf46c1,total_dist
f6f73f4c756e4f44,additionaloffset
f700c1ced8800051,update_occupancy
f70102b970816746,ambushclosedoor
f73d1f25656ba527,clear_lkp_one_member
f7758342baf56611,nextnodeorigin
f77da0a397c1f8dc,assetrefsp
f780eaef966b6785,getmodeprefix
f79d11cdef5e7a4e,vehicleweapon
f79fe071c66f4fd7,haskillstreaksharedfunc
f7a8432d5713224f,obstacle
f7d0120547fb89bc,vec_a
f7d0150547fb9055,vec_b
f7f7c8683c1d17b7,set_remote_revive
f7feda5f48e45e5c,menueventparam
f809f7243322004f,cglance
f820bd7f89912524,vols
f86479a8c5d07671,enemy_use_alias
f86bca55ef7ce4d5,fadetoblackforplayersharedfunc
f898877a51638b9c,melee_in_hand
f8a70390aab483fd,set_show_operator_pet
f8ae32eb08864995,heavyarmordamage
f8b2c3d00edd94e3,new_active_character
f8e28367c2c1b121,get_abandoned_timeout
f913d15eeba205d3,scriptedanimationtime
f92ce27ff3157576,pos_a_ground
f92fd16ffcf4634a,castdownend
f9590ff1c467478f,didextractwithweaponcasesharedfunc
f9879ff969b2ef1a,dir_to_point
f9ac651b1d921b88,newseatid
f9c83e3b96f8cff2,inv_corpse_internal
f9cec32b76c81972,markscriptmodelreachedend
f9d37f84ef3cec62,set_allowmountside
fa0ccd6d13222597,predictstreamposuntilcleared
fa24179a5ec6eaef,max_radius
fa25d297af786394,maxsweepduration
fa30759d39b632a9,get_specific_id
fa3905cf16e214a3,allowusability
fa3b49bcdbf4cbaa,posz
fa4076d1004abcca,set_allow_unreachable_attack
fa61c744b0d27d48,debugtakecoverwarnings
fa6bda05951098a5,askforcoverfire
fad496e2fa4fdef4,xp_progress_id
fae287f9a750cabf,originstr2
fae288f9a750ccf2,originstr1
fb04fc8180642f34,v_ground_offset
fb0c9b60173ee938,otherpos2d
fb2dd3b13c4afde7,conelenoffset
fb43cc26eeb628ca,vehicle_seat
fb45efc3a20e2fc2,needtoturninplace
fb5ac19aaaf0eef3,solid_ai_contents
fb6504405f5e3002,enemies_in_range
fb6d639c6db75367,goalindex
fb739ef5dae3d127,idle_convo_max_time
fb8bbcccbb6bd415,vehiclebattletracksid
fb98a69fd3b338a4,set_entity_mark_origin_equipment
fba73086a8f97d7b,playerkillstreakgetownerlookatignoreentssharedfunc
fbc01645e1a60e36,closestgasstation
fbe1165839589a40,loadfxasset
fbfab403f50eb6b2,chosenvehicleanimpos_fastroperig
fc1008a31f6b4e2f,noshotclip
fc33f590b86b80f0,shootposresult
fc5baf3e72c75782,armored_vehicle_death
fc73c394044fbae7,fullscreenfxparams
fc885458927cc4a4,set_entity_mark
fcc5317419376ec4,averagespeed
fcd3f6cd54c0f69d,find_mtx
fd04b8d568b6190d,metabone_def_name
fd07966ae25451bc,damagedhealthpercent
fd10bab4295ec41f,throttle_unit_tests
fd606b23297ec383,callback_sequence
fd9480534f30ec9b,data_type
fdce85e9ff138573,entrance_anim_num
fddcebec8b927a00,torpedo_origin
fde35f1461ef68b1,watchforteamchange
fdf8ccccf050d853,configbundlename
fe088909b848f89b,num_damage_ticks
fe1d797bd2f6438b,blueprintsarray
fe4b478ffea4eb8f,rideranimpos
fe542309baab15b5,lowerasmname
fe830ee4ef768f29,getsubordinates
feccdd9491eb38c0,set_allowjog
fedb2203376ab66e,heavystatemaxhealth
fee432ea42b6658d,dyndofexp_enable
ff2863e4171248be,get_game_instances
ff58857c2050a57f,player_prestream_assets
ff8298cc8e588e0b,guy_shot_recently
ffa2c87979e812d5,streakdeploy_doweaponswitchdeploysharedfunc
ffaa6b376f7925ff,unlockedInPrivate
ffb1f44c058fc9e3,dyndofexp_internal
ffca636c4032ad1b,closest_metabone_dist_sq
ffd036c292f6c99e,enablelookatteam
ffd7365dc9f75cc4,itemstruct
009e9b1ca17b85ef,excluded_items
07a9a09f74e065f7,vtolwarship_watchexplosioninfluencepoint
094abf3d922d2da6,vtolwarship_firemissile
0bd94b71ffdfd39c,shockstick_forcefire
0c16941deceaec52,vtolwarship_lockedoncallback
0eba0b0486f25058,c4_init
107928f86cbd5dbb,possible_nextnode
11a39ea515767fcc,vtolwarship_watchearlyexit
19007301ab74a4c3,player_migrated
22053d43632779df,all_radii
254e929f524b83ea,vendetta_onplayerspawned
2551fdd9c40d52f3,set_dontevershoot
2694523c47f8cbd1,planedistance_clear
26cb68d08ada66a3,thermobaric_watchownerdisconnect
2850c423528148c0,sum_z
2850c62352814d26,sum_x
2850c72352814f59,sum_y
297a907f5fda5fd6,vendetta_onplayerdeath
29f2aa6304195825,vtolwarship_returnplayer
2a7a34efc7638f7f,vtolwarship_handlethermalswitch
2c42f1b7d9a6dd72,gamelogic_mp
2d629b17d5984d1a,vtolwarship_playintro
37fcb8899abfe63a,player_launched
3d2a2aefa97bb47b,support0_name
4249813a2840cfc8,traversearrival_traversetype
4792fb9b7edef433,smartgun_watchplayerdeathordisconnect
488121572102c714,dart_watchfortimeoutdisownedendearly
4c53dec33de9708e,vtolwarship_watchlifetime
52da1e5ada18296c,vtolwarship_handlemissilefire
5b6d42d897321234,vtolwarship_attachgunner
5b9630382a5905aa,smartgun_updatestate
5f8cf2283b94bb20,overlap_z
5f8cf4283b94bf86,overlap_x
5f8cf5283b94c1b9,overlap_y
62bfa6e254621273,a_timestamps
6837a2da94ad3d4c,mid_a
6a1884bd07294e62,player_impaled
75cd5d826f93b64c,over_everything
772f2e9becd13570,vtolwarship_premodifydamage
86f8280456d2be0c,dart_watchplayerdeath
8c10f5118434ccf3,vtolwarship_postmodifydamage
8c88c1557bf4a72b,dart_watchgameended
8f388ae45f2cc8fa,support1_name
906b98dab240d0c5,c4_armtime
925873cc428e541f,dart_destroydangerzone
926e6a33547a89f5,pairs_array
95b96817b2ff3b73,vtolwarship_watchturretfire
962742d9501c1412,loaded_subclasses
9bd258cf8a1bb961,dart_createdangerzone
9e2dc3451d5a7f99,vtolwarship_movetoposition
acc2aa2f5bdb1cd6,vtolwarship_handlethermalswitchinternal
ae30bcb76a4b3d30,entity_refs
b0d827e1f17fdb08,vtolwarship_lockedonremovedcallback
bac899f3adb1b130,was_refueled
bc8f311de3e95b27,half_a
bc8f321de3e95d5a,half_b
bcbe6775f9073c1c,c4_empcleared
d1124aabcac5bfa1,vehicle_watchlifetime
ddb871232b119f6d,vtolwarship_setupdamagefunctionality
e402b58c1d031595,vtolwarship_watchintrodisown
e558c535904e4a56,c4_haywireapplied
e7229273e829f2f9,histogram_create
e9961c58f7e89f06,vtolwarship_watchownerexitaction
efec3ad2e536f69e,vtolwarship_watchkills
f3874779b1531e7b,vtolwarship_watchgameendleave
f608a4c8a4ca546c,add_collectible
fdf0754411172121,a_tacpoints
