00ed412d9c9135ac,gesture_timeout
01695e923627dbd1,cancel_heli_wait_node
023b421b55819aa6,interaction_process_event
0246c63e4a9efdad,vm_sv_note
04da1a1143adb74b,stop_battle_tracks_option_watch
059fee8fc896a114,custom_arrival_handler_done
0771ad2db66ec749,clientcharacter
09c80fa739d6b5ea,mimic_restart
0afef3a8011994a2,bc_hunt_entered
0b5c34a3e5518322,hitmarkerstack_singleton
0c3fed50a47c35e4,updateweaponswitch
0c503932d9806162,removed from battlechatter
0cc64c5dbb49421d,set_takeweapons_thread
0d5f3c1418fb4abb,endlkpbehavior
0e57288464718b06,terminate_death_thread
0e575f8f569474a8,shockstick_haywireapplied
0e581298a90e2b03,swim_breathing_disabled_end
0f5233a93959dbe8,stop_agent_notetrack_redirect
0fcd422ba075d610,stop_soul_suck
1027310bf00cee0f,mtx_manageoffhands
1036b75e917b9ac0,stop_facialfiller
108ae45ca35b43c6,matchmaking_fade
1232ba4eac6669a2,prop_singleton
1283eaff134ba222,endvehiclecollisionthread
12c83eeffa48b865,trial_results_screen_opened
12f8f2c19a795514,cancel_pending_vehicle_respawns
146d3eadc4276e29,stop_monitoring_flash
157b5905adb15a45,explosion_extinguish
15be7ad8e891904a,fake_weapon_fired
15ef3909f02fadfd,crossbow_semtex_blockdamage
1689a77cf9744979,vehicle_owner_update
170190d0a5ebf22f,driver dead
178b30eec613e765,off_circle_move
1865f918bb86f0c2,vehicle_integrity_failure
195619879843b213,frontend_watch_bullets
1aad59b5bb5eb9fe,unlockedInPrivate
1b58ec57c4a565a8,interaction_ended
1b94f40624367639,shot_by_revive_pistol
1ba226d096f5b3ac,stop_wind_debug
1d5d4f2209375482,got_a_kill
1d851551db19d4cc,escort_moving
1e1fddad8e6942c1,try_armor_cancel
1e9bc5e84aa89155,_never_
1f812bd1f092daaa,unanchored
20f2072bb5652ee0,enable_flashlight_fx
21a87a26aa937912,stop_dyndof
2238a21a436b13cf,start_chopper_use
2772544527708b75,updating_reactive_kills
27aa3535a7c6ec01,zombie_lc_stunned
27d67c26a6f44f68,trophy_blocked
280f60e07bd14c90,lc_do_tick_damage
2aebf05916dbbe80,cap_start
2b3aa1f36e40b13d,kill_lookatteam
2bb3f7d48675213e,update_rapid_agent_kill_buffered
2ce5eb6906e76669,firing_range_weapon_stats_reset
2d0813a2d19b7c7e,playerprestreamcomplete
2d45bf45313159f4,hint_add
2df1ab7f2881a16e,ClientWeapon
2e6f245e4e66e451,laseroff
2f91db86194bcf0f,death_or_disconnet
307c65ef5e2e578d,jugg_mask_off
30810a5916abaede,vehiclepursueentity
31862ab21f9065ea,clip_detached
321fae418d44abbc,DMZDefaultKillStreakLootID
323ddea58a826636,highvis_reload_outline
34f792607d6220dc,killstreak_finished_with_deploy_weapon
357897e4ab8280e6,stop_prev_repulsor
35ed7fe4084a108e,watchcombo
363708b2f1664f0a,end_revival
364b648298422efc,pushplayerchanged
36ddcaf6411ed6ec,new_operator_xcam
378fb02e5dc54b90,player_look_at_process
399f64172b697b17,meatshield_victim_start
39d3d9b35dfa88eb,wait_for_bullet_result
3a6f8ee87474fcab,done_saying
3ab39a4e976b0270,giveandfireoffhandreliablefailed
3bc7c1d8a5015d2b,dbgvehexit
3c2020fe86d5208f,started_nag
3c3e8e9319d8fec4,disabled_force_ride
3ca99997bf76f7a5,scene_skip_fade_start
3d0cee7f594f67ed,backpack_attachbag
3e287340af2bdeb5,mtx_managemovementdisable
3e4e13e81ce6cb66,c4_update
3e60adc8b90125a7,end_launcher
3f22501c222b470e,sniper_laser_on
3f235800e83a836a,race_end
3f731f8de6c5dc58,scene_play_xcam
3f979bdff8dd6b0d,DMZDefaultSelfReviveLootID
40dc7e4e224c8a45,monitorstarttrigger
41a3c9b977780f2b,squad chat initialized
42e7928caff11d0d,finished_queue_wait
44137f387ce46c75,vehicle_unloading
46b476c4551de1bb,swim_breathing_disabled_begin
47aa9917b1b2c72b,finish_fade_to_black
49376c9c96485a34,startlkpbehavior
493e6019a5794ba2,stop_fuel_usage
498915ea2b6c5779,airdrop_escort_dronegunhit
4bd0004440a6dfc6,navspline_interrupted
4e1b254f769a77cf,activity_ended
4e1bdd7a907b1be4,husk_spawn
4f4297d198a7a951,scene_play_xcam_done
4f47895499731640,monitornotify
4f9cbd77f86fb1fd,rpgplayer
504ade204ae7b64b,last_stand_exit
52b6dc9a97fdc829,move_to_done
5364cd0d89390504,proceeded
53f946c14d3cdd9f,activate_track_loop
54ffcc72f2ca38a6,civilian_process_eye_look_at
5559d0167e3660c7,watchforaltdetonation
57028b0572ff67f0,visibiltymode_disabled
58d740afedebc182,an_enemy_shot
594315aa17d59995,movement_update_thread
5953d5b104c7654c,finished_deploy_weapon
59764dbb08b3e1a6,scene_ai_stealth
597c297b14e10ad1,xcam_loop
5983d19eff6f52f7,smoking_end
59d20f63d8740ef8,enemy_destroyed_equipment
5a2b4a5008728dd3,stop_idle_lookat
5a9b73a4b7411777,stop_ai_lookahead
5ae7313136274dc0,stophelieffectsaftertime
5ed92a297e0fbb61,catmull_rom_spline_info
5ee4041e9fe23723,new_tag_spawned
603b200d47868bf5,lkp_user_removed
61bb6f95e7bc7c6c,stop personal effect
629e6ceaa43b0f9f,vehomn_modified_controls
67625b11e92f061e,stop_bcs_sequence
67fa7cf09bbf367e,started_scene_change
686116c64167dcb5,anim_reach_speed_control_avg
68a1109f2f46b0f3,cleanupimpactwatcher
6a1940cb87219089,obtainitemequip
6a69c0ece33ae6be,course_started
6b502f2550b97593,weapon_switch_done
6ceb1eb847a8c272,started_saying
6d3e58088a9c6363,hint_close
6e38e817e336e50c,live_ragdoll_vehicle_occupant_unlink
6e7dd5b847e1ce50,stop_watching_abandoned
6f77e24ce5299ac6,reviving_intro_starts
7123ac2055b471df,missile_pairedwithflare
726205ff8a664ba7,end_burn_down
727997ce0f71f630,sniper_laser_off
7342784e0823d3f7,on_circle_move
76d129bfecf6f0eb,vo_finished_or_cancelled
784a760c2e2e2d17,chatter_finished_or_cancelled
788a322c9905e04b,maintainspeedfortime
796a0fed21e18591,stop_battle_tracks_toggle_think
79aa25c6886f695b,trick_out
7b6c0a91d0feada5,vo_done_or_cancelled
7d422bcb9a206a30,stop_animmode
7dc944d7930d14f5,faux_spawn
7f317046b54d30aa,stop_following_vehicle
7f38bc52c4e09d85,vehicle_scene_stop
7f58c3f2740206cc,swim_sprint_begin
7f901d1fd9ec7ba5,scriptable_engine_damaged
80ac529f0c298e56,monitor_manglercannon_fire_end
810495028ff70568,vo_sequence_started
81f31920b90c5146,giveandfireoffhandreliablesucceeded
8592244fcfcf8f14,player_prestream_camera
85eaafb1a4703057,interrupt_circle_move
86f0067e909ac404,watch_thermal_input_change
874e8b80cec8ed5b,register_activity_variant_definitions
8833495e23a6ebbf,stop_vo_sequence
8866ed6acd71eef9,flipped_end
899e58dd9c25f0a0,visibilitymode_darkbackground_toggle
89cb3aad9261cf8a,path_updated
8a97af432a0854bf,resetweaponstats
8aead8724be4f937,zm_utility
8b19b3d10ec3f38a,anim_reach_complete
8b2bd9da0e884a07,killstreakexit
8c286140d843e777,chatter_added
8e65cacc4344df23,execution_begin
910cab287ec2ae42,watchfordetonation
91670023433b0fa6,visibilitymode_disableoutlineondeath
91b791e0be977338,armorplate_broken
93511cd14eb19e2f,bcs_initplayer
96cf4855b447a9e8,stop_player_lookahead
976fcd26f059be7e,nag_done_or_cancelled
98e046fb64be519d,stop event play bcs
9925862350cdfe9b,reached_end_of_route
9946e44a6e1b37a4,vehicle_occupant_unlink_processed
9b4f76048721b8b4,visibilitymode_checksniperads
9c70b9f893f681f9,object_alignment_link
a1741ee175b63fef,endplaydeathanim
a30796472eab0efe,DMZDefaultPlateCarrierLootID
a4b4996b7c1f9750,vehicle_occupancy_monitorleanblocked
a4ce3acdd8394242,trick_in
a751d1fc3f2018c9,single dialogue
a7ace5bd7f9e2e2a,scene_play_anim
a8769325beb442e3,hellstorm_missile_finished
a95723d07c3da916,setoperative_outlines
a97f6958b41b2a0f,monitor_manglercannon_charge_pressed_end
aa3aa6ec1b226da6,hiticonreset
aac4c1e91ab9d588,swim_sprint_end
ab327ecc486f251c,endcallreinforcements
ab6f5503659115b1,vo_sequence_ended
ac311a0c0fd16c03,frontendworldevent_singleton
adcfba2d214669b6,chopper_gunner_used
adf578816e7f94fc,reach_notify
aff742ece0b46d65,cancel_queued_vo
b02bc80f3f726502,object_alignment_unlink
b26847115d301f7c,cancel_delayed_vo
b3ca0dfb9876c164,update_rapid_kill_buffered
b40fe67451e902ff,move_dummy
b4153264fc66d957,stop_nag_loop
b64925f9179480d2,bc_notify
b6ab5866f049d7e5,finished_or_cancelled
b6c489fd64e6322a,agent_scene_stop
b6d5ac065314cb78,patrol_idle_complete
b7014a73e2b80ffd,highlight change
b70a0ed0949e821f,playerprestreamlocationwait
b74126130fe1bde8,DMZDefaultBackpackLootID
b75aa3a2940402da,doom_gunscreen_thread
b9a9ebe435c69419,new_prev_target
babfddf124746871,DMZDefaultGasMaskLootID
bd51c09475b9c46b,backpack_detachbag
bfdd4001028a89db,bcs_grenadedangerevent
c18a0047abb03a26,kill_wait_for_explosion_mod_end
c1d1e27de2587f80,monitor_player_ads_end
c258ab0c1308a370,cancel_load
c2f8d4a97912aec6,inspect_update_thread
c320dc67f539ecc1,matchrecording_chopper
c7eeee89e0a49a27,damage_state_change
c7f251001c8bb01c,processdamagethisframe
c87f83b5b02d00de,object_shot_death_wait
c8d1d2ffa56fa11d,lerp_arrive_finished
c8ed063a05f880b1,kill_thread_since_spotted
caf664dbe9872771,bomb_allow_offhands
cd0eabd8060cba7b,course_ended
cd9ab494b4729365,doflashbanged
cdad7d98915a2f22,anim_prone_change
cdc45ac67bdfbfcf,vehicle_roof_exit_collision_detected
ce544814d482b139,stop_3d_text
ced3f2c9255538ee,started_queue_wait
cfeaa6160cf7c366,bc_combat_hunt_loop_finish
d16e455807d28b21,bot_camp_tag
d2dbad459f1da414,text_display_done
d70af97412ed4ab0,follow_roads
d73e4195820fcc81,c4_animdetonatecleanup()
d88e44832873b6d8,endusearmorplate
d92895704be242d9,newmovementstate
d9fd9f896c72cbf8,interrupt_roof_exit
da91d0991f729cd4,stealth_update_investigate
dab0c4e7a95dabfd,vehicle_deleted
dcb3a46508d2822a,veh_hit_veh
e091d7dc488b5b89,switch_thermal_mode
e18079fdf5200b6c,xcam_transition
e1b1ca252131309c,stop_dialogue
e1d3f5fd85056158,chatter_started
e24335c26d67046c,scene_anim_playing
e2554e7a64c6f7eb,weapon_dropped_ai
e33d1afff668bd33,bullet_terminated
e3701ace4b44fe80,detonateexplosive
e3cc669cf3a9922b,new_segment
e5fa130e29d88cc0,reset_killcam_player
e6056a9d9f47e672,vehicle_seat_exit
e661f1eb81919568,off_bezier_curve
e67e0494c7e2208d,left_wonder_vehicle
e75e8aedea7f5a5c,battlechatter disabled
e798c303ca6e2783,follow_road_path
e88750c45134bbfd,lc_wait_till_stun_end
e936cf932f4308e2,stop_camping_tag
eac7843df6179931,displaceprint
edc9831d222649c0,end_levellookatteam
eed179a0661e1097,abort_reload
ef47b53296157ce6,reload_ammo_added
f116e30324aad3ff,vehicle_crashdone
f1b375c17d65a9d1,finished_nag_loop
f1c4aee6498ae6d2,resetoperativesingleton
f2b5e6cfe4058471,interaction_started
f31b530bf5c49915,stop_sniper
f34190dc145ee9dd,bag_timeout
f35eadcb5f4e138a,set_participating_cinematics_false
f37020f6a8d78426,ai_enter
f3ae6f13da906d48,gunner_turret_impact
f4fb4d4e7f9a1829,bc_hunt_hunt_cleared
f584fbfc78c34a40,spawnedriders
f5fff8101c84164e,misses_remaining
f6d13da5deb83608,stop_soulweapon_swap_logic
f6d176d77ce7a5b2,start_fade_to_black
f6e798501093ab72,on_bezier_curve
f84f5429cbd671cd,game_end
f8f09b84dedea707,gesture_requested
f9b7f5d9fcdb95c8,husk_failed
faa2880d6428fc41,aithreadwaiter
fdaaf8222e36fe9d,disconnectmayrejoin
fe5fdfe054ec9a66,stop_dyndof_debug
feddefa325166496,instance_destroyed
fee5c77837fdb716,initializepanelbehaviour
ff603c86bbe07fdb,newfollowpath
ff72a00128207327,set_participating_cinematics_true
ffcb2b0af6e129a4,exit_chopper_intro
