Path	FullHash64	Hash60	StoredHash60	Matches
ui/generated/widgets/ingame/mp/rewardnotificationicons.lua	8000bdb560e69b49	000bdb560e69b49	000bdb560e69b49	true
ui/generated/widgets/frontend/aar/aarcontractgridcontainer.lua	001556c86405057e	01556c86405057e	01556c86405057e	true
ui/generated/widgets/ingame/reticles/reticlehybrid02.lua	00155d934bf9ec83	0155d934bf9ec83	0155d934bf9ec83	true
ui/generated/widgets/frontend/seasonalevent/seasonaleventeventplusconnectinglines.lua	0024fdcb45ca4fb4	024fdcb45ca4fb4	024fdcb45ca4fb4	true
ui/luimixedelementpool.lua	002fdc644158b386	02fdc644158b386	02fdc644158b386	true
ui/generated/menus/brpubliclobby.lua	00375a1def596ea1	0375a1def596ea1	0375a1def596ea1	true
ui/generated/widgets/vehiclefiltermenubutton.lua	8048e71539241d16	048e71539241d16	048e71539241d16	true
ui/frontend/frontendscopereticlemanager.lua	804d3e5e55eb7759	04d3e5e55eb7759	04d3e5e55eb7759	true
ui/utils/gametype.lua	00763c89d76e5625	0763c89d76e5625	0763c89d76e5625	true
ui/generated/menus/frontend/pagedbattlepass/pagedbattlepasspurchasemenu.lua	8064a1ee54e7a7ce	064a1ee54e7a7ce	064a1ee54e7a7ce	true
