Hash60	OccurrencesForHash	FastFile	RelativePath	BytecodeSHA256	BytecodeBytes	UpdateClassification	SourceRelativePath	KnownBO7PathMatches
0087e45b1b8e003	1	global	global/Luafile_87e45b1b8e003.lua	9cfdbf8335509f3f8051554e4fad87cc6054c0d484bb829814fe07ddad53ae07	3375	renamed_existing_content	lua/source/global/Luafile_87e45b1b8e003.lua	
0125c9498d5393e	1	global	global/Luafile_125c9498d5393e.lua	bd4d08208501093cd6e99bec17c2ffc5e95e92d6f8249d87ef7c7f625f930a72	4128	renamed_existing_content	lua/source/global/Luafile_125c9498d5393e.lua	
03a8b0a0a57776e	1	global	global/Luafile_3a8b0a0a57776e.lua	4596e4cf3a3d63826a6bff71235d1c02cb9d93d0f4c6d22194bf7224887ab0e4	3329	renamed_existing_content	lua/source/global/Luafile_3a8b0a0a57776e.lua	
03d77b8363e006c	1	global	global/Luafile_3d77b8363e006c.lua	a5e99af6a1a92fdefc5e6caa8c329234ff84deb8dc6eae4b695862fca9a702b8	991	new_content	lua/source/global/Luafile_3d77b8363e006c.lua	
051d6a809987f9c	1	global	global/Luafile_51d6a809987f9c.lua	505a294338f6921a323af0e62d4092f089e5ba90a7d3d6019949d58d28da72bc	6713	renamed_existing_content	lua/source/global/Luafile_51d6a809987f9c.lua	
05b1924cb87d953	1	global	global/Luafile_5b1924cb87d953.lua	f2531bb8e9eefaa3695181ef2c95c4c0c30e62ebe894c193f715fc16bd21b183	2685	renamed_existing_content	lua/source/global/Luafile_5b1924cb87d953.lua	
076d2f40995c2d5	1	global	global/Luafile_76d2f40995c2d5.lua	fec379b833d89767c9e5e81953e267beccdd4f2facd81bf62dd575b93a70bb89	2106	renamed_existing_content	lua/source/global/Luafile_76d2f40995c2d5.lua	
0850c6a81aa3f74	1	global	global/Luafile_850c6a81aa3f74.lua	db77f856d0a9df5faa0cb04957e615a36ed34f9186b37ff98ed21128b02a0809	1293	renamed_existing_content	lua/source/global/Luafile_850c6a81aa3f74.lua	
09392a13e0dbea6	1	global	global/Luafile_9392a13e0dbea6.lua	d176f4d58752493b535927a4df16ebba53721d6f91c3c24f378f206a4de8eeec	2731	renamed_existing_content	lua/source/global/Luafile_9392a13e0dbea6.lua	
09a3d4e7ecdf84c	1	global	global/Luafile_9a3d4e7ecdf84c.lua	20e90166a7230bc1d53649e426489005e2310b7c417754d866a43670c123a06f	937	renamed_existing_content	lua/source/global/Luafile_9a3d4e7ecdf84c.lua	
09b125f4e5d0f10	1	global	global/Luafile_9b125f4e5d0f10.lua	eaa0b1984ef7f3c96d9c5de8cb900de3304a8d3a4487e3d68041363114e50a1a	4254	renamed_existing_content	lua/source/global/Luafile_9b125f4e5d0f10.lua	
09d7b36139af197	1	global	global/Luafile_9d7b36139af197.lua	62a78a52bfef296b5dc568b98017efc504ad175cd99560062d95f74198f69718	2667	renamed_existing_content	lua/source/global/Luafile_9d7b36139af197.lua	
0ed0df7bf34a49a	1	global	global/Luafile_ed0df7bf34a49a.lua	1fa3d8b559150792b86577a98456526ae211879404f797f270b8ce9bd0dae831	3135	renamed_existing_content	lua/source/global/Luafile_ed0df7bf34a49a.lua	
0f5bd87e9bc9b18	1	global	global/Luafile_f5bd87e9bc9b18.lua	649020e5399d2ede7b447a539a96a078ddbb02ecf0f30b852ce0f1114770d05a	1621	renamed_existing_content	lua/source/global/Luafile_f5bd87e9bc9b18.lua	
107775db6caead0	1	global	global/Luafile_107775db6caead0.lua	591b145f42967cbdee15df430063e2e5dd2d3f24767af92b809bc449fc622621	4324	renamed_existing_content	lua/source/global/Luafile_107775db6caead0.lua	
112ff7e2455a3c5	1	global	global/Luafile_112ff7e2455a3c5.lua	96db2037a4f831bb54946feb78c480141c7ec2e35b79e8ab45ca4a6c726c8e90	3245	renamed_existing_content	lua/source/global/Luafile_112ff7e2455a3c5.lua	
1152af03fbfa044	1	global	global/Luafile_1152af03fbfa044.lua	b9993e58d03daa628d902e1057e2d973067fc2c99a8991b2f507437b1d3154c1	1302	renamed_existing_content	lua/source/global/Luafile_1152af03fbfa044.lua	
11bc91b0372a600	1	global	global/Luafile_11bc91b0372a600.lua	dd4f263f69569e129a30e3df9a2467960f504933a5de18423af7f5b37b4934de	3550	new_content	lua/source/global/Luafile_11bc91b0372a600.lua	
120fb3c05da3ed4	1	global	global/Luafile_120fb3c05da3ed4.lua	967151e448d81b4d0cd4f0c2b844068d6f0b558a1e18e82b182b07836ed40fde	2577	renamed_existing_content	lua/source/global/Luafile_120fb3c05da3ed4.lua	
12614fa0ad396e3	1	global	global/Luafile_12614fa0ad396e3.lua	284fc526911545b41d5c23c7c4a4330cc534026d20142b28af6da6e1a0c91b03	2514	renamed_existing_content	lua/source/global/Luafile_12614fa0ad396e3.lua	
13385cc39453ffa	1	global	global/Luafile_13385cc39453ffa.lua	a23e7a737d8d78373c37e2fd22a1109d47b5eca0fdaf59c2ccb57ed47aea5963	8824	renamed_existing_content	lua/source/global/Luafile_13385cc39453ffa.lua	
1b10cfd4646d80a	1	global	global/Luafile_1b10cfd4646d80a.lua	97263621f5c925cab98115c039f71a2d426fc1e48812f30a07ef56b6a23d6456	3366	renamed_existing_content	lua/source/global/Luafile_1b10cfd4646d80a.lua	
1b7fb554735a4b0	1	global	global/Luafile_1b7fb554735a4b0.lua	53a8f9ebc6a90ffa48e4e95973c357ef8a5ab1c6944ff5cb3976b42e99476e7a	2492	renamed_existing_content	lua/source/global/Luafile_1b7fb554735a4b0.lua	
1bba4269236530c	1	global	global/Luafile_1bba4269236530c.lua	25e1efffa547f99d2932fd6bc163ec0f5a0556c9bde3a65393dcc0eef3dda8dd	2961	renamed_existing_content	lua/source/global/Luafile_1bba4269236530c.lua	
1cd3000b621b230	1	global	global/Luafile_1cd3000b621b230.lua	f1528e45bff957a6cc8ce89cb985e012f933f6415cb2631414eea46f6f6ae996	2568	renamed_existing_content	lua/source/global/Luafile_1cd3000b621b230.lua	
1f8c0c01bfc206b	1	global	global/Luafile_1f8c0c01bfc206b.lua	a763905cb26528bcc92ad6491b4217f3196aa24ad2a86a219d345848bf5b1e4f	5729	renamed_existing_content	lua/source/global/Luafile_1f8c0c01bfc206b.lua	
1fee1dda31454fc	1	global	global/Luafile_1fee1dda31454fc.lua	79c0858e9a989c7899c1b5616c6a5fae3e9c7f16090c74a2694817f40adda092	2374	renamed_existing_content	lua/source/global/Luafile_1fee1dda31454fc.lua	
229e1255f29c0cc	1	global	global/Luafile_229e1255f29c0cc.lua	e98e70baa72d068d9728c16fed21e54a6431b4539d04b0a25e9b66b11bdd0833	4227	renamed_existing_content	lua/source/global/Luafile_229e1255f29c0cc.lua	
22d2ee7578fc6b5	1	global	global/Luafile_22d2ee7578fc6b5.lua	c9348b4ea088263b379ed747c8a71c67e07ade709d94f5aa8484cc62da3eef98	1383	renamed_existing_content	lua/source/global/Luafile_22d2ee7578fc6b5.lua	
234d6f3e170bb37	1	global	global/Luafile_234d6f3e170bb37.lua	e1d7f480895b89accca73b838e2989dd69d777ba2e5e6def77c498fec3486ad6	2558	renamed_existing_content	lua/source/global/Luafile_234d6f3e170bb37.lua	
24f8c2381d5c9f9	1	global	global/Luafile_24f8c2381d5c9f9.lua	d475910f0ca4fed02b1aa481320291b6efe593429ad20bc5e699285035053dc0	7812	new_content	lua/source/global/Luafile_24f8c2381d5c9f9.lua	
27282169439ba09	1	global	global/Luafile_27282169439ba09.lua	4afcc55f113ff93f0edf070c610f5df82e62ac8d0902deb5c867fcf36014fc5c	1669	renamed_existing_content	lua/source/global/Luafile_27282169439ba09.lua	
27cf99ae567175e	1	global	global/Luafile_27cf99ae567175e.lua	db008a2608b0d33c1c58ff9ad46f7adaa8927ea2d799e43f136380000f46f1e4	7876	renamed_existing_content	lua/source/global/Luafile_27cf99ae567175e.lua	
2a810122b7d95be	1	global	global/Luafile_2a810122b7d95be.lua	b7bb6cc993f3ca4f798074dee665b478f44cb1a0c946318250bbb2b86f7e75d6	1251	renamed_existing_content	lua/source/global/Luafile_2a810122b7d95be.lua	
2a85e44124c08e9	1	global	global/Luafile_2a85e44124c08e9.lua	c1a4d5373dccdaf7a3ef70f664736ec425a56021c52b3772ab72d5b18925053d	7583	renamed_existing_content	lua/source/global/Luafile_2a85e44124c08e9.lua	
2b1aa18af26f065	1	global	global/Luafile_2b1aa18af26f065.lua	c6ee7aa05739f5833d485f50c26b832a9cec292599f0f16207e1ffbc59c517e3	1195	renamed_existing_content	lua/source/global/Luafile_2b1aa18af26f065.lua	
2b74e354a739df4	1	global	global/Luafile_2b74e354a739df4.lua	85d928a6827b939143e0d0e55ffade7b7f9af8dc68c98d0df049bb5b7fbfd326	1668	renamed_existing_content	lua/source/global/Luafile_2b74e354a739df4.lua	
2e622963d862a4e	1	global	global/Luafile_2e622963d862a4e.lua	0d44e017b729aefc7da952a94c0f93bdb22c15a45e9a71090957e6f99669f8e2	3135	renamed_existing_content	lua/source/global/Luafile_2e622963d862a4e.lua	
2ebb72fad1b0ed4	1	global	global/Luafile_2ebb72fad1b0ed4.lua	9f048e85907a43eab3cb86bf2855b47f4eb3cffce8c64b7988a23fcfd111223e	3555	new_content	lua/source/global/Luafile_2ebb72fad1b0ed4.lua	
2ee5ae6e1e3214a	1	global	global/Luafile_2ee5ae6e1e3214a.lua	2dcb4b2a0c8dc4ab0ec630b4b681d8a89eb75b2c5082895e4f38e93c03d8e1c4	1442	renamed_existing_content	lua/source/global/Luafile_2ee5ae6e1e3214a.lua	
2fee4d79e956924	1	global	global/Luafile_2fee4d79e956924.lua	2053454e43a061febcfd38163889da2b2112d046c15714eac5cae88378ae3e2c	22147	renamed_existing_content	lua/source/global/Luafile_2fee4d79e956924.lua	
3038f408bf756ec	1	global	global/Luafile_3038f408bf756ec.lua	b1132bf4c6d619071c23cf9e3de176ccdc1241489c3fdd778b47fbaaeab28715	3708	renamed_existing_content	lua/source/global/Luafile_3038f408bf756ec.lua	
307be068888e9c3	1	global	global/Luafile_307be068888e9c3.lua	597b66965e4fac3675f6e9fb01040a32860e1900ca8f1380d419300cca991c48	3037	renamed_existing_content	lua/source/global/Luafile_307be068888e9c3.lua	
30ecdd71469b370	1	global	global/Luafile_30ecdd71469b370.lua	8fac8f91b6f8761b995aae41c8ba2edaa24fecb16be898c9b04342ba71f5f014	5289	renamed_existing_content	lua/source/global/Luafile_30ecdd71469b370.lua	
31e64681b769cf0	1	global	global/Luafile_31e64681b769cf0.lua	e5d6e9997780959ab936256116b2874f50c9c6b44cbe32e932d4401c0d78990d	2741	renamed_existing_content	lua/source/global/Luafile_31e64681b769cf0.lua	
320d85bba0e7b71	1	global	global/Luafile_320d85bba0e7b71.lua	6045eabe7cfe29d5eac06b7b0e48af006312fb11800d593dc381463f2b9beb88	1606	renamed_existing_content	lua/source/global/Luafile_320d85bba0e7b71.lua	
32d0a1f9dea9700	1	global	global/Luafile_32d0a1f9dea9700.lua	b14900ab0bcc75f092038e315e3f946769f473481716810d752cf67d44b684b9	3524	renamed_existing_content	lua/source/global/Luafile_32d0a1f9dea9700.lua	
33d37ede7fd051e	1	global	global/Luafile_33d37ede7fd051e.lua	eb8eb468f4b7ab22d182aa3f811e4a3655b2f224590e2c91b3cfa2d866f43df9	8183	renamed_existing_content	lua/source/global/Luafile_33d37ede7fd051e.lua	
33f77928a26983c	2	global	global/Luafile_33f77928a26983c.lua	4b782326bfea71d76582351e688c41cc1d34bffc28bf537091de9408ecd33872	3864	renamed_existing_content	lua/source/global/Luafile_33f77928a26983c.lua	
33f77928a26983c	2	global_stream_mp	global_stream_mp/Luafile_33f77928a26983c.lua	1e23ebfc660803437774c55ff2b0e0eaf8a4e9c7185f21fb21b2fe535748fdb8	4008	renamed_existing_content	lua/source/global_stream_mp/Luafile_33f77928a26983c.lua	
34dddf1d9da77ff	1	global	global/Luafile_34dddf1d9da77ff.lua	e092af192a109b535bd450bb8194a5b7cdb36a963f6ef80dcdb17951f49979f4	3012	renamed_existing_content	lua/source/global/Luafile_34dddf1d9da77ff.lua	
3592d09ce00d375	1	global	global/Luafile_3592d09ce00d375.lua	5e14570b6a065237e2d1d610111b16fcfb36de9bc965ebdaecc0b888ce7cf06d	2287	renamed_existing_content	lua/source/global/Luafile_3592d09ce00d375.lua	
3782e82c1419fb8	1	global	global/Luafile_3782e82c1419fb8.lua	a5af55763a7b461a8b511e70ac52e912a9f58af45a5c71dc759e872142bae58e	3471	renamed_existing_content	lua/source/global/Luafile_3782e82c1419fb8.lua	
3784ae16bef1992	1	global	global/Luafile_3784ae16bef1992.lua	9a3f40943d03c1cecf38cc3911bb7d77e7c86747248b71e3a2090fb31e2384c3	2160	renamed_existing_content	lua/source/global/Luafile_3784ae16bef1992.lua	
37ba067dcac5214	1	global	global/Luafile_37ba067dcac5214.lua	9d87801c291b177aa7e252c8a9f3d91483af938bbf41e911a3e9d5abaafbfc8a	2322	renamed_existing_content	lua/source/global/Luafile_37ba067dcac5214.lua	
3813dd86da06134	1	global	global/Luafile_3813dd86da06134.lua	de7d3c291d31d804adf3687d06b4ab45f32d6726ec5159ee42b2099e543fec8c	5002	renamed_existing_content	lua/source/global/Luafile_3813dd86da06134.lua	
384d318ea19aa2a	1	global	global/Luafile_384d318ea19aa2a.lua	7863af9436f5538dc4439b52a19773428adcdcf887f911513d5222f7a371d4f5	7026	renamed_existing_content	lua/source/global/Luafile_384d318ea19aa2a.lua	
394b66154ffdf51	1	global	global/Luafile_394b66154ffdf51.lua	14568ecfdf859bdf67d138bdcbd02be717786e8d5e8c1e79e0f6541d4cd1dd15	3601	renamed_existing_content	lua/source/global/Luafile_394b66154ffdf51.lua	
3b69865d7c88dbd	1	global	global/Luafile_3b69865d7c88dbd.lua	71b276e18d46cf3888ff0c9b7912228ba1a46ee37aec822dea06529302dd9107	3432	renamed_existing_content	lua/source/global/Luafile_3b69865d7c88dbd.lua	
3b73a930c2ba57d	1	global	global/Luafile_3b73a930c2ba57d.lua	80149fb26e69a0a8e4cd4b8ec7341f1591b8b6754e9ee8bb14060e9ec160edb6	13524	renamed_existing_content	lua/source/global/Luafile_3b73a930c2ba57d.lua	
3c8f96b6ef2171e	1	global	global/Luafile_3c8f96b6ef2171e.lua	db4703ae743bd92e03f904f88544a765fe708cc3a954166de674a8650d034202	95288	new_content	lua/source/global/Luafile_3c8f96b6ef2171e.lua	
3dc78fd8119b432	1	global	global/Luafile_3dc78fd8119b432.lua	3bac680bd5807d6c779e3fd8e3c8895a4dedbcb142be3774ee87b21e5e9c01b4	3583	renamed_existing_content	lua/source/global/Luafile_3dc78fd8119b432.lua	
3e0d548e9c226e5	1	global	global/Luafile_3e0d548e9c226e5.lua	c9d4ebd35b82a6ac30856c9dea21e552e4cfb223e2114334c4919e34a79c6315	5136	renamed_existing_content	lua/source/global/Luafile_3e0d548e9c226e5.lua	
3f29f1b2bbc6fba	1	global	global/Luafile_3f29f1b2bbc6fba.lua	1b4a4b5f21e46ce6dacbd6e31022b26d0e52e9e198631335bd7d6743c5b72c63	2170	renamed_existing_content	lua/source/global/Luafile_3f29f1b2bbc6fba.lua	
402e9d71906779d	1	global	global/Luafile_402e9d71906779d.lua	a79705de468f8dcb827bef43b444a5f5f7584b18eba041267fb7bf56b9ad203d	1159	renamed_existing_content	lua/source/global/Luafile_402e9d71906779d.lua	
409444e397afea1	1	global	global/Luafile_409444e397afea1.lua	d8becbf8d246123ddb9a28fc9b920cdd36c8037fa8abf9cc330c33e3af0fff25	2043	renamed_existing_content	lua/source/global/Luafile_409444e397afea1.lua	
40fefad42589390	1	global	global/Luafile_40fefad42589390.lua	aafbc595dc13ba0681e10ea06ecc4ca8de394cd81713b1fd38a256671578f5b2	2769	renamed_existing_content	lua/source/global/Luafile_40fefad42589390.lua	
419ebf6a89b99f9	1	global	global/Luafile_419ebf6a89b99f9.lua	ee3775baabc7c57b00f08f64fd122c52d143d765cc2efda95912d6fb1499219f	2570	renamed_existing_content	lua/source/global/Luafile_419ebf6a89b99f9.lua	
43feffb7623e9e0	1	global	global/Luafile_43feffb7623e9e0.lua	a669d0308fe563d907efeeb7f039ea112c2d5593043e40592ad2b9e421309728	4364	renamed_existing_content	lua/source/global/Luafile_43feffb7623e9e0.lua	
443434eb25191ff	1	global	global/Luafile_443434eb25191ff.lua	cbfc1528a6a9edcc2fd531a3682c6323d5957895fe557c4feb5af1a7a89ca0bc	9768	renamed_existing_content	lua/source/global/Luafile_443434eb25191ff.lua	
44837afea0e8943	1	global	global/Luafile_44837afea0e8943.lua	95d778201ebb0b786ef409e5d730a25380c1671d2ee9f063ed23a065e718e07f	1791	renamed_existing_content	lua/source/global/Luafile_44837afea0e8943.lua	
4628cd64cb4bdda	1	global	global/Luafile_4628cd64cb4bdda.lua	35970bd26bb2cf2c578cc105fa2dd9bdd93a65b7384bb715cde00dec23dc0a76	2089	renamed_existing_content	lua/source/global/Luafile_4628cd64cb4bdda.lua	
46b278b9200cea7	1	global	global/Luafile_46b278b9200cea7.lua	1438aee30363086bf02221ed74fd67ab002420bdf105e0e0496cebd995eabf62	5855	renamed_existing_content	lua/source/global/Luafile_46b278b9200cea7.lua	
46e9957db2892bf	1	global	global/Luafile_46e9957db2892bf.lua	717d2834a11370775a68a795f2f881d5c4faf7f95e95426cd9f57a9b8052d2c2	2009	renamed_existing_content	lua/source/global/Luafile_46e9957db2892bf.lua	
478b3aa4a489157	1	global	global/Luafile_478b3aa4a489157.lua	d08902365235bc3a6d1ec3db36dacea9fc4d9870c4f1cb2585a8a784c43fb395	1998	renamed_existing_content	lua/source/global/Luafile_478b3aa4a489157.lua	
481151b018af38f	1	global	global/Luafile_481151b018af38f.lua	f20790bc1a1865908eaef779f0ac17ae00c4dd7a5758257214022f7bc3b6ec0f	1964	renamed_existing_content	lua/source/global/Luafile_481151b018af38f.lua	
486fb2fe03aa2db	1	global	global/Luafile_486fb2fe03aa2db.lua	feaf0e706b46f0864caed4bc41bd53b16b1d4689d1cd7260fe353ea1339bab4c	4674	renamed_existing_content	lua/source/global/Luafile_486fb2fe03aa2db.lua	
48f59f1ac54aab7	1	global	global/Luafile_48f59f1ac54aab7.lua	578f89f3f833dc5635792641b4c3b988d4f2b473ddea50516afe88640f2ec4d4	2541	renamed_existing_content	lua/source/global/Luafile_48f59f1ac54aab7.lua	
4acc267ab15b446	1	global	global/Luafile_4acc267ab15b446.lua	9c728fccaec7b7788788b9f4e48f2519a3914e5590df2c10b59afcc855ca5edf	4228	renamed_existing_content	lua/source/global/Luafile_4acc267ab15b446.lua	
4b59beda250f759	1	global	global/Luafile_4b59beda250f759.lua	0da4e2d25c40b36d8572a929816c8e07f3ace1b2eb2b838b2cc360f1d5ed48a6	2434	new_content	lua/source/global/Luafile_4b59beda250f759.lua	
4baa033cc928509	1	global	global/Luafile_4baa033cc928509.lua	0405722d4b492dcefede7493c5af7e308950b3bc70b28efca0677fb613aa2f46	5883	renamed_existing_content	lua/source/global/Luafile_4baa033cc928509.lua	
4d0bf75bfd6f0cf	1	global	global/Luafile_4d0bf75bfd6f0cf.lua	1828599a2d79f5d8d33236657b4d68ecc874170a2401cf90420f76d9abd576eb	2789	new_content	lua/source/global/Luafile_4d0bf75bfd6f0cf.lua	
4d6b7a08a2eb12e	1	global	global/Luafile_4d6b7a08a2eb12e.lua	41e2d33837946a6a25397fc340c8c80d55084f36b69dc783efe1e954f09d91a6	9321	renamed_existing_content	lua/source/global/Luafile_4d6b7a08a2eb12e.lua	
4dbb56f422385b7	1	global	global/Luafile_4dbb56f422385b7.lua	e2e894b1d76dcc4ec4603c0178525c8693770f9ae9ab0609921156230100c411	4500	new_content	lua/source/global/Luafile_4dbb56f422385b7.lua	
4fd5e503a8d60f2	1	global	global/Luafile_4fd5e503a8d60f2.lua	f544fdd49a7d6c2f298050b0de13362666cb187640d3952564b5df933ed73cd6	2681	renamed_existing_content	lua/source/global/Luafile_4fd5e503a8d60f2.lua	
52833f05e38deeb	1	global	global/Luafile_52833f05e38deeb.lua	1b082a5f0999cad681889a62f40c618732a88dc570cb09c936646505d1945d5c	6960	renamed_existing_content	lua/source/global/Luafile_52833f05e38deeb.lua	
5285b158f6f5e94	1	global	global/Luafile_5285b158f6f5e94.lua	e1b2fce3474655bfcecef79a714932e36b1fc22a58cae055033696b021bdc226	2399	renamed_existing_content	lua/source/global/Luafile_5285b158f6f5e94.lua	
52968569a5a5bd2	1	global	global/Luafile_52968569a5a5bd2.lua	081140a0cf0cbec723411e36f49f691d3eb84d580aad5d2d4cb923d648ca78f7	9091	renamed_existing_content	lua/source/global/Luafile_52968569a5a5bd2.lua	
5349a447b242a5c	1	global	global/Luafile_5349a447b242a5c.lua	abb2902dbb674ea1882b58b4ed60ada417806149d033f94033dbb7ffeddb2d66	4406	renamed_existing_content	lua/source/global/Luafile_5349a447b242a5c.lua	
535f745e661dd6a	1	global	global/Luafile_535f745e661dd6a.lua	910197aafaa0c1169e955c1ae5f0a2574816148584a31a23c422171d84f498bf	2511	renamed_existing_content	lua/source/global/Luafile_535f745e661dd6a.lua	
54c6aaca7ee1cd4	1	global	global/Luafile_54c6aaca7ee1cd4.lua	77e3fa983eb053d070f7e73dc41208b8b75ba4a52df5f4fa0b714d385c8e131b	3120	renamed_existing_content	lua/source/global/Luafile_54c6aaca7ee1cd4.lua	
553ac2129ed2eb1	1	global	global/Luafile_553ac2129ed2eb1.lua	174f978505f66d2d4ac0ad4d664e0240df839f442adeb148e1dd50d9793f29ee	3517	renamed_existing_content	lua/source/global/Luafile_553ac2129ed2eb1.lua	
56fb76087a2ea5f	1	global	global/Luafile_56fb76087a2ea5f.lua	cda955a8e96dc5e6439d68f09370e2a7b3219aa72f83c83fbf02d405d42315f1	5941	renamed_existing_content	lua/source/global/Luafile_56fb76087a2ea5f.lua	
570fc8f567c03bc	1	global	global/Luafile_570fc8f567c03bc.lua	9e36fa70d46c7346226aac80770992fdd6b35618f8210cfe170d4a4e8c915658	3045	renamed_existing_content	lua/source/global/Luafile_570fc8f567c03bc.lua	
572aaca2a1ac343	1	global	global/Luafile_572aaca2a1ac343.lua	fd7ac776fd1eb35c577f8a8a3abd6a374cdda3f692697d3d1c79990b0f68ba70	4164	renamed_existing_content	lua/source/global/Luafile_572aaca2a1ac343.lua	
57d59de387e2c33	1	global	global/Luafile_57d59de387e2c33.lua	d9bb9a78da3c6e2f51d33130a3b367c235372072442b9276f929412a571746dc	1030	renamed_existing_content	lua/source/global/Luafile_57d59de387e2c33.lua	
58568c319fe9b75	1	global	global/Luafile_58568c319fe9b75.lua	cef7ad2ca910a9e9d267bf016ff9d9d2021e75fd405443b0ef89f5a113f470fe	3168	renamed_existing_content	lua/source/global/Luafile_58568c319fe9b75.lua	
589d312bed1641b	1	global	global/Luafile_589d312bed1641b.lua	30d85d4219f9e70f829e3b5e90a9524ced643d8e9c6fc8a20be8d7eb2edbb262	2583	renamed_existing_content	lua/source/global/Luafile_589d312bed1641b.lua	
5ca14dd48b93ada	1	global	global/Luafile_5ca14dd48b93ada.lua	fee101c7c95600b7304ababbe95068ca8422489f0536b00f35605637c2c3b1cd	5790	new_content	lua/source/global/Luafile_5ca14dd48b93ada.lua	
5dee77e527c396d	1	global	global/Luafile_5dee77e527c396d.lua	e8e424783d80c86320ca2d9db5f55bf501b57c2656974011391cd593be5bccfe	6003	renamed_existing_content	lua/source/global/Luafile_5dee77e527c396d.lua	
5e1509cd677a37a	1	global	global/Luafile_5e1509cd677a37a.lua	aaa5ee67fbdfa151528337f3f230fa97bd0203756e4268fb20c7347cc88012e1	2561	renamed_existing_content	lua/source/global/Luafile_5e1509cd677a37a.lua	
5ffabf2e448ef92	1	global	global/Luafile_5ffabf2e448ef92.lua	d14dfecfe716fd19fe494adddda0dcdb47c11c845e741cd97254608177f6686d	3493	renamed_existing_content	lua/source/global/Luafile_5ffabf2e448ef92.lua	
61d85ea3fe3a7af	1	global	global/Luafile_61d85ea3fe3a7af.lua	62eeb558b22196ad41ab109ae871666054a1afbfbdf77b7f5e995037c275526f	1436	renamed_existing_content	lua/source/global/Luafile_61d85ea3fe3a7af.lua	
6267d08d6200bd0	1	global	global/Luafile_6267d08d6200bd0.lua	7d4ae1a50d1f4138c9a2f45090902b20ec52ff240702bd864cb2364a721ca690	2361	renamed_existing_content	lua/source/global/Luafile_6267d08d6200bd0.lua	
62b9655f3a2e97a	1	global	global/Luafile_62b9655f3a2e97a.lua	67ddba4c6225893ebb7cea63643ce785cc701a05c28652b920ec5669d6632bf0	1761	renamed_existing_content	lua/source/global/Luafile_62b9655f3a2e97a.lua	
649423ed0a71bd0	1	global	global/Luafile_649423ed0a71bd0.lua	4bf47fccacac92a6240344a96e847a47d7b3c0848134539e09ad5b4aae6a3ddb	2620	renamed_existing_content	lua/source/global/Luafile_649423ed0a71bd0.lua	
64abfd3d3df16aa	1	global	global/Luafile_64abfd3d3df16aa.lua	c44e07c8a7b1751ff6ab8fe212f83c9402e54c5025fc0f5e72aec0719695590e	3122	renamed_existing_content	lua/source/global/Luafile_64abfd3d3df16aa.lua	
653c0c649b0d153	1	global	global/Luafile_653c0c649b0d153.lua	8cdb62db63cf71ca46d4d24fa48482dd3f2d4cbc00d1bd20b9f272670456729a	4222	renamed_existing_content	lua/source/global/Luafile_653c0c649b0d153.lua	
65ac69ab9a8817b	1	global	global/Luafile_65ac69ab9a8817b.lua	64b018cc5ce7f0997e56f259cbf18e26c9e47937e8fe9bf5f0877d18fb7abf73	2876	renamed_existing_content	lua/source/global/Luafile_65ac69ab9a8817b.lua	
65dfc50bde4f0f3	1	global	global/Luafile_65dfc50bde4f0f3.lua	5fcbd26cf2b2aad526600a184bf596db559b3b995fa260a2559441775e6a2b9b	2776	renamed_existing_content	lua/source/global/Luafile_65dfc50bde4f0f3.lua	
6664872ca0665b2	1	global	global/Luafile_6664872ca0665b2.lua	7ba3479114a1ee8378251648a3a3d5597fd48fcca5d982386509e0b95c465523	2575	renamed_existing_content	lua/source/global/Luafile_6664872ca0665b2.lua	
668a316831adeb8	1	global	global/Luafile_668a316831adeb8.lua	569297a4f626de35e26366119577615b48dfda32962eb2919bff3df290010a6a	2028	renamed_existing_content	lua/source/global/Luafile_668a316831adeb8.lua	
670c634c6c8ec33	1	global	global/Luafile_670c634c6c8ec33.lua	c8b842f464d74d3d017b2bd3b63203751c2050885dcbdda5803cbe17cdfa64c5	2493	renamed_existing_content	lua/source/global/Luafile_670c634c6c8ec33.lua	
6981b2b5a9a9d90	1	global	global/Luafile_6981b2b5a9a9d90.lua	60db1eb55d1bf8680042a8de9d3fdcde0862553450ebb4453727fbbf158bfa0f	2302	renamed_existing_content	lua/source/global/Luafile_6981b2b5a9a9d90.lua	
6a64e2e0b164908	1	global	global/Luafile_6a64e2e0b164908.lua	6ca4c75a2bbc19258395cc29059eae3e37eb8c44b1c86922b21ab87ccaf30133	10523	renamed_existing_content	lua/source/global/Luafile_6a64e2e0b164908.lua	
6afd0fd2df263d6	1	global	global/Luafile_6afd0fd2df263d6.lua	99653fcee25c035e490ed4d5ad7c3ed979096e0b6fedafaa22da9df9b8f35520	5095	renamed_existing_content	lua/source/global/Luafile_6afd0fd2df263d6.lua	
6b1ee650260719a	1	global	global/Luafile_6b1ee650260719a.lua	e7298405e25b0ec39287fa2937891ed2817ea08d31495003612469f7a1bcde3d	2280	renamed_existing_content	lua/source/global/Luafile_6b1ee650260719a.lua	
6ba059e6b4336f5	1	global	global/Luafile_6ba059e6b4336f5.lua	294b3f0e1ddc83a446dd242785dc85c475bd00fd4ed5460c5880c32f1da12537	1321	renamed_existing_content	lua/source/global/Luafile_6ba059e6b4336f5.lua	
6bf65bf83a4faed	1	global	global/Luafile_6bf65bf83a4faed.lua	93a8c142f96ac64f17e3f64e9872c2a0383c47059ff3765b4d75fba182293a29	16388	renamed_existing_content	lua/source/global/Luafile_6bf65bf83a4faed.lua	
6e2f7b11fbc7c7a	1	global	global/Luafile_6e2f7b11fbc7c7a.lua	37ec203d23f8836d83185a15853db9a09a20e94fb1a31568359043f6ac6d5cbb	4012	renamed_existing_content	lua/source/global/Luafile_6e2f7b11fbc7c7a.lua	
6ebdecdc5557862	1	global	global/Luafile_6ebdecdc5557862.lua	9bed065dfe188cc6d1e491aa46f520951f7e956c6269665ab730a93f614f62c7	4691	renamed_existing_content	lua/source/global/Luafile_6ebdecdc5557862.lua	
6ed2036a3679751	1	global	global/Luafile_6ed2036a3679751.lua	efc65bff626b6d64e12e17a86961f86e136e3d8732d240542c17fbb2e0c11d26	2855	renamed_existing_content	lua/source/global/Luafile_6ed2036a3679751.lua	
6ee3d4edbce5f73	1	global	global/Luafile_6ee3d4edbce5f73.lua	711f54de370f6943a35de99c1316d2f66c0f6bde43a99546dfa4389c4d32983a	2567	renamed_existing_content	lua/source/global/Luafile_6ee3d4edbce5f73.lua	
6f0bec8f7e2c743	1	global	global/Luafile_6f0bec8f7e2c743.lua	a4f7d7d66ab2d8c99c5b520b3f4f556b928c4acd8cb9139d69ea7586db098b12	3681	new_content	lua/source/global/Luafile_6f0bec8f7e2c743.lua	
6f894c78dc3b4bd	1	global	global/Luafile_6f894c78dc3b4bd.lua	de6c553c7e2bda9a0bf9e098160803bf2510b3c11563657515a3669d44ac12f3	3350	renamed_existing_content	lua/source/global/Luafile_6f894c78dc3b4bd.lua	
6fa25916c949c73	1	global	global/Luafile_6fa25916c949c73.lua	7b0ae78ad44a776162dd30969e933c3cf9ac009c8a7cc0b7a8d3c443c4c5045c	4304	renamed_existing_content	lua/source/global/Luafile_6fa25916c949c73.lua	
7229f8dd1cc747d	1	global	global/Luafile_7229f8dd1cc747d.lua	a13fc22e76d54b99c83001a9e89dbd7f2e530be459d114f48e6639f1302fadd3	5076	renamed_existing_content	lua/source/global/Luafile_7229f8dd1cc747d.lua	
7273b2df7fa3ccf	1	global	global/Luafile_7273b2df7fa3ccf.lua	887649a88f84f5bea8c36c325caf81030e77c97e0a05958d8a4ea5dffc62c6cb	2065	renamed_existing_content	lua/source/global/Luafile_7273b2df7fa3ccf.lua	
72eee021a073c1b	1	global	global/Luafile_72eee021a073c1b.lua	8bb8f447688d0db71552891c8441ae0ab460bf4833fb7ed476adc68a99e163c2	4783	renamed_existing_content	lua/source/global/Luafile_72eee021a073c1b.lua	
72ffcaa1c0dba1c	1	global	global/Luafile_72ffcaa1c0dba1c.lua	06a61562f483bfd39f6a506d5e98100dcbee50cb9fa5178271c4b477cf772e60	2303	renamed_existing_content	lua/source/global/Luafile_72ffcaa1c0dba1c.lua	
73204b305289024	1	global	global/Luafile_73204b305289024.lua	6da728711e8089b461c6af9af429a0fa251db32266f223d63f4bad6d74de0c72	89679	new_content	lua/source/global/Luafile_73204b305289024.lua	
7457c5423b324e0	1	global	global/Luafile_7457c5423b324e0.lua	03ed0e1508066bc77f3356b93e96f5e2192186f356f3aab01cead868c4545862	5933	new_content	lua/source/global/Luafile_7457c5423b324e0.lua	
76215b339b49d2a	1	global	global/Luafile_76215b339b49d2a.lua	cb5629cd51e231dade7654d176a295943f8090fe1a5d32de4eb17a7e6c4f49b6	2384	renamed_existing_content	lua/source/global/Luafile_76215b339b49d2a.lua	
76c277c5b770e25	1	global	global/Luafile_76c277c5b770e25.lua	980ce92399d13d11281638328db3f07fa11a6286236359bcf935f7a7ed5767aa	1858	renamed_existing_content	lua/source/global/Luafile_76c277c5b770e25.lua	
778805238703dd2	1	global	global/Luafile_778805238703dd2.lua	dff34af7c505afd71446443a6d209502a92339bda31a05d829a5e530c3233709	7883	renamed_existing_content	lua/source/global/Luafile_778805238703dd2.lua	
7849ea7b4fc5a87	1	global	global/Luafile_7849ea7b4fc5a87.lua	4233ddc8b3be3363808520297b00af8d67bdc6657f026d0a1e791c7bc3b7b597	4644	renamed_existing_content	lua/source/global/Luafile_7849ea7b4fc5a87.lua	
78e84d9d38f1465	1	global	global/Luafile_78e84d9d38f1465.lua	99568671807bfec187dab2a6877322b10285898ea6083df355d3d4318c0e5360	1847	renamed_existing_content	lua/source/global/Luafile_78e84d9d38f1465.lua	
7a137e986ac05a5	1	global	global/Luafile_7a137e986ac05a5.lua	1f009d942d1a557005fd88f220e70063fe04171a0424a78f9f15bfc043d36c4d	2438	renamed_existing_content	lua/source/global/Luafile_7a137e986ac05a5.lua	
7ad1d31dfdc88ad	1	global	global/Luafile_7ad1d31dfdc88ad.lua	c8e8c53023544f9efdc75a3173b23df2c8137a9eb7f08ee04de8c787e5ab6f95	2457	renamed_existing_content	lua/source/global/Luafile_7ad1d31dfdc88ad.lua	
7c708b98b297b48	1	global	global/Luafile_7c708b98b297b48.lua	c0398d892017619ddea90ea7784880492abee092f05863aad55ab8ac8e00976d	1280	renamed_existing_content	lua/source/global/Luafile_7c708b98b297b48.lua	
7cb6c0c47783b19	1	global	global/Luafile_7cb6c0c47783b19.lua	644a70b71a75c36062b8e93be4ea3984ebb02a5766a33f96aa5e3894bc510cbe	1891	renamed_existing_content	lua/source/global/Luafile_7cb6c0c47783b19.lua	
7e0f5f3d929e830	1	global	global/Luafile_7e0f5f3d929e830.lua	a3aa2feb56adb52f947406c44c1b1fe1d03eb4f6bce52885ef7055b382d046a6	15596	renamed_existing_content	lua/source/global/Luafile_7e0f5f3d929e830.lua	
7e21c9afbd2d526	1	global	global/Luafile_7e21c9afbd2d526.lua	547a6b179448ac2293d7478acdfd288480623ba8e6bd467c2a0f9174281a80e1	13770	renamed_existing_content	lua/source/global/Luafile_7e21c9afbd2d526.lua	
80105217f6ea7fc	1	global	global/Luafile_80105217f6ea7fc.lua	9a01ae2463230a6d123b5e9b25becb142b98128e197a4b716f770a5744edac8e	1057	renamed_existing_content	lua/source/global/Luafile_80105217f6ea7fc.lua	
80179c53b65fc25	1	global	global/Luafile_80179c53b65fc25.lua	ae52306237b20162085b00e77671f86c111553c2cd84fd54e8653287cfc966e9	2536	renamed_existing_content	lua/source/global/Luafile_80179c53b65fc25.lua	
8080d56721d87c4	1	global	global/Luafile_8080d56721d87c4.lua	ef56bb01b0910572c29fcf99f9581aaaaf3ef0ed73b7d8901b5baa05d8a02c57	4216	new_content	lua/source/global/Luafile_8080d56721d87c4.lua	
8140aff528d0f9d	1	global	global/Luafile_8140aff528d0f9d.lua	1ec52bf5baf0810160a918ab57ccedca5fa041cd0208254a79bf057c7d698134	4381	renamed_existing_content	lua/source/global/Luafile_8140aff528d0f9d.lua	
814a4d960af96a3	1	global	global/Luafile_814a4d960af96a3.lua	b0cd6c8f52ba03760032db3137b328096d597e4374c3a3370540d45e2b4021d9	5452	renamed_existing_content	lua/source/global/Luafile_814a4d960af96a3.lua	
826b2a5435cfd3c	1	global	global/Luafile_826b2a5435cfd3c.lua	caf548d43523731a759d38335110821fc1c247e332c79996a17587264b5bd553	1678	renamed_existing_content	lua/source/global/Luafile_826b2a5435cfd3c.lua	
82783a9426aa67d	1	global	global/Luafile_82783a9426aa67d.lua	6ab69cb617cd62bef8855da9d8fa2ebb4166a45ca1cd0225a98c727632d41c82	2765	renamed_existing_content	lua/source/global/Luafile_82783a9426aa67d.lua	
8360bda7d01a3be	1	global	global/Luafile_8360bda7d01a3be.lua	2a6eb091ef968558a73d5e2eb31158745a82b89fa26b61eeeacf040014e2ce99	1134	renamed_existing_content	lua/source/global/Luafile_8360bda7d01a3be.lua	
8377cc35aef12ff	1	global	global/Luafile_8377cc35aef12ff.lua	2feb29f565a608351262b7835eaf6c4b1be3eb5aec911a8406fb86193d1a54f8	6214	renamed_existing_content	lua/source/global/Luafile_8377cc35aef12ff.lua	
84607ecc6406c9d	1	global	global/Luafile_84607ecc6406c9d.lua	80738046f6239fe506d56a29b5bee3b0710efeff4f028d9dfeec93a28cc07427	2754	renamed_existing_content	lua/source/global/Luafile_84607ecc6406c9d.lua	
847acff22a75e1b	1	global	global/Luafile_847acff22a75e1b.lua	eb61c4289a7b6e3e80f311d0b15e44b3efbf3c96313fb9cebf678d19899d5bde	2695	renamed_existing_content	lua/source/global/Luafile_847acff22a75e1b.lua	
84e1fa1a8f1dff9	1	global	global/Luafile_84e1fa1a8f1dff9.lua	7740e4405c2a6dea1991be7a338211e6a2788e60d53a7e5efd5ad5276cbac336	3337	renamed_existing_content	lua/source/global/Luafile_84e1fa1a8f1dff9.lua	
855fd1566e77584	1	global	global/Luafile_855fd1566e77584.lua	afbedaf80de7dc426cb2eb92aba90c4aae98991767a232b326d22aa4a872de91	2055	renamed_existing_content	lua/source/global/Luafile_855fd1566e77584.lua	
85f9aaecb94775b	1	global	global/Luafile_85f9aaecb94775b.lua	7247adb50747a247c0323379522306290cae73be08b41db3a82df424ff603007	1330	renamed_existing_content	lua/source/global/Luafile_85f9aaecb94775b.lua	
86671c7f7a64890	1	global	global/Luafile_86671c7f7a64890.lua	19e6a0de87bdcc388845f7e14d67f97d446bf69570101c92b96ac0fbe0bcbd90	2378	renamed_existing_content	lua/source/global/Luafile_86671c7f7a64890.lua	
889960253ab057a	1	global	global/Luafile_889960253ab057a.lua	fdbf4597620e373f35131b5b17d4c5ad80c8043daab7d411503c3dd2fb9839cc	3882	renamed_existing_content	lua/source/global/Luafile_889960253ab057a.lua	
892e536296f4c27	1	global	global/Luafile_892e536296f4c27.lua	b2c10932e4f86ac5dd7658408b6c320f34dc9cec752f335cb0d3d6d7f40d69a1	2403	renamed_existing_content	lua/source/global/Luafile_892e536296f4c27.lua	
8a3d85820bf8a67	1	global	global/Luafile_8a3d85820bf8a67.lua	8b3298a682714be42b1a2e01f34bbe9423b4eeb2c673428ecf979cc6ae98d7a4	5335	new_content	lua/source/global/Luafile_8a3d85820bf8a67.lua	
8a7e4ecb5614843	1	global	global/Luafile_8a7e4ecb5614843.lua	8690652c40f2e7a104e20137e58ef3f224010a885ef7078491404d701e6daad7	1697	renamed_existing_content	lua/source/global/Luafile_8a7e4ecb5614843.lua	
8d1a1ef543790fd	1	global	global/Luafile_8d1a1ef543790fd.lua	ec033d09c69d4bcac6ad636900773bb78824a2fe079fbc567082934886c4b925	3225	renamed_existing_content	lua/source/global/Luafile_8d1a1ef543790fd.lua	
8dca27bdd0d6939	1	global	global/Luafile_8dca27bdd0d6939.lua	1d86a527fe82c88b9f29060e22c74ff53293b626118e45be0577f061f7603cff	2104	renamed_existing_content	lua/source/global/Luafile_8dca27bdd0d6939.lua	
8e3122764c0b032	1	global	global/Luafile_8e3122764c0b032.lua	1f0f76642a3c27ac5bc0dd41a98085e75678c681d465805557e2531ab359bb0b	8223	renamed_existing_content	lua/source/global/Luafile_8e3122764c0b032.lua	
8f0d493b9fb9404	1	global	global/Luafile_8f0d493b9fb9404.lua	5174991c34adfb80c6d8272aff3f3ed2176c3ca0dcb829fdb1a4add416a121d6	2002	renamed_existing_content	lua/source/global/Luafile_8f0d493b9fb9404.lua	
902ad67fa16053d	1	global	global/Luafile_902ad67fa16053d.lua	d81ae0f0f4ebbf74b8d727012c2b71fb591a3b0393c25ca50794a266853fa1c5	10485	renamed_existing_content	lua/source/global/Luafile_902ad67fa16053d.lua	
90fbc85fdfcdbf6	1	global	global/Luafile_90fbc85fdfcdbf6.lua	673c3a8b604897bb3e657bcdde58ffb79c1d59f4faf3be451dbb08b5eab76f5b	2659	renamed_existing_content	lua/source/global/Luafile_90fbc85fdfcdbf6.lua	
9228a0a08341ccd	1	global	global/Luafile_9228a0a08341ccd.lua	3d8fd0a3487dd9b46cde4899fa786e18cb19008473833ea5641df650ba2d7a11	1849	renamed_existing_content	lua/source/global/Luafile_9228a0a08341ccd.lua	
92ca7f1c73e18d6	1	global	global/Luafile_92ca7f1c73e18d6.lua	c4c5b654bbfbb4d2c78c2b9e2f9e8ab66f1369747c4d555389413e9d2509dc6c	23506	renamed_existing_content	lua/source/global/Luafile_92ca7f1c73e18d6.lua	
93c20af20195528	1	global	global/Luafile_93c20af20195528.lua	93d8157da5bdc2c0fc84ab1161342b6f871d8bd1e665b781cb851a1104c4eb9c	3249	renamed_existing_content	lua/source/global/Luafile_93c20af20195528.lua	
949055504c70292	1	global	global/Luafile_949055504c70292.lua	fc8e34da908c3dc4f545b1780891cb654d8884bd59194850c07f2c6389288db5	1608	renamed_existing_content	lua/source/global/Luafile_949055504c70292.lua	
94b5b373cc381db	1	global	global/Luafile_94b5b373cc381db.lua	6b34161f983e828c8a2ba703f1326826f0c65ff07d8f57d7b9c9c846d8e5fedd	63612	new_content	lua/source/global/Luafile_94b5b373cc381db.lua	
9727fd5d5dbf678	1	global	global/Luafile_9727fd5d5dbf678.lua	c37dbce77810f2fe7e92a4c1ff57b0d4af186c132f51ac2ddd1f906a6d3fafdf	3997	renamed_existing_content	lua/source/global/Luafile_9727fd5d5dbf678.lua	
974521231c0f6ca	1	global	global/Luafile_974521231c0f6ca.lua	f579ffdc35c1c781d51d4c9af870255a91db57b0e0e51499009f9679eb2067e3	1937	renamed_existing_content	lua/source/global/Luafile_974521231c0f6ca.lua	
9745cb11745dfae	1	global	global/Luafile_9745cb11745dfae.lua	cf9534fd3eb9ea1384ccc79d785ecf90506b93a0bc5c7c270890694ad5d28fdd	1835	renamed_existing_content	lua/source/global/Luafile_9745cb11745dfae.lua	
97d9321916527fc	2	global	global/Luafile_97d9321916527fc.lua	9f09c2e22f58702d2c15baa9e126649cdf688548b727ee7b5b6ccc0da6a15950	4973	renamed_existing_content	lua/source/global/Luafile_97d9321916527fc.lua	
97d9321916527fc	2	global_stream_mp	global_stream_mp/Luafile_97d9321916527fc.lua	2ebdcb1ade7d2d8cadfc6c4964cf135b7b5b21099dd7ddabd75c950ee5613d0c	5154	renamed_existing_content	lua/source/global_stream_mp/Luafile_97d9321916527fc.lua	
97f7edf51c37720	1	global	global/Luafile_97f7edf51c37720.lua	0e54a787d5debeccac08682456faf67f7fd939bb7236b7fdb4c76a4f529463b3	5962	renamed_existing_content	lua/source/global/Luafile_97f7edf51c37720.lua	
99073a20cdae8ff	1	global	global/Luafile_99073a20cdae8ff.lua	f34d14b966a38bc3c7d3bf60e35e4aedec6ff36483a53e07c381fcaa9b38d43e	2108	renamed_existing_content	lua/source/global/Luafile_99073a20cdae8ff.lua	
990cfc0380153aa	1	global	global/Luafile_990cfc0380153aa.lua	d637056a6cb992f2aa058165a779cbb30a47051282cf76ed6d6f2bb068d48975	3017	renamed_existing_content	lua/source/global/Luafile_990cfc0380153aa.lua	
9924d6e90e0ba95	1	global	global/Luafile_9924d6e90e0ba95.lua	4d3769dea1a3eba282064dc08e08c412f55b13803a3ddc96eef7ca05568ffd8c	2528	renamed_existing_content	lua/source/global/Luafile_9924d6e90e0ba95.lua	
9b5cdbc3772e95e	1	global	global/Luafile_9b5cdbc3772e95e.lua	ff4a090bbc0da508a45cbe17d215850143658134e36815e1adef3586c7d740b6	2890	renamed_existing_content	lua/source/global/Luafile_9b5cdbc3772e95e.lua	
9b799cdfd3a3ff8	1	global	global/Luafile_9b799cdfd3a3ff8.lua	e6855fab5031aafceccc69cd0cfc3f991791fa246ebb76b5909e035ad9244a44	6005	new_content	lua/source/global/Luafile_9b799cdfd3a3ff8.lua	
9d080363ecb4b9b	1	global	global/Luafile_9d080363ecb4b9b.lua	fdebf878cb2c89ed29535895ad6a45d2932153a943ee4a3ca4f109f68fa38c4d	2412	renamed_existing_content	lua/source/global/Luafile_9d080363ecb4b9b.lua	
9e7b7994a7a3700	1	global	global/Luafile_9e7b7994a7a3700.lua	e2455f8394ff3445a36d563cc30260224901d147c8da48357de1466c86375f8b	2484	renamed_existing_content	lua/source/global/Luafile_9e7b7994a7a3700.lua	
a39661c86568024	1	global	global/Luafile_a39661c86568024.lua	2955deca2252874bf13ec6df20cdabc512346ee68d0621742b7536baf3e5787f	2281	renamed_existing_content	lua/source/global/Luafile_a39661c86568024.lua	
a3aaaecbe53d511	1	global	global/Luafile_a3aaaecbe53d511.lua	6ab57b6d2af28def1b6d9c51f67e89444c9f7eeb7ca97dc6ef89c9e9e18144ff	4759	renamed_existing_content	lua/source/global/Luafile_a3aaaecbe53d511.lua	
a49fba238fc3a41	1	global	global/Luafile_a49fba238fc3a41.lua	c54e31dc9e8c975e70e90b3abced46a8d5bfdc9799b5d131289f3480c830e818	31248	renamed_existing_content	lua/source/global/Luafile_a49fba238fc3a41.lua	
a578929b68c1702	1	global	global/Luafile_a578929b68c1702.lua	d0d11ef5394686292aeff94961bd1ca964643123f989bedeb8bbdefe22b4ddd1	3554	renamed_existing_content	lua/source/global/Luafile_a578929b68c1702.lua	
a60d11265701f9d	1	global	global/Luafile_a60d11265701f9d.lua	f2e648b1fc58cd58b77e35dac135758acad96e394d0201d3e0614eca854ecb48	2319	renamed_existing_content	lua/source/global/Luafile_a60d11265701f9d.lua	
a61c4e93e49c632	1	global	global/Luafile_a61c4e93e49c632.lua	dbcec7ab9c8655533247f0838853cb60ee43baa210417a1764ff81c1fb8fdd5b	1150	renamed_existing_content	lua/source/global/Luafile_a61c4e93e49c632.lua	
a62f0b92fbbe6be	1	global	global/Luafile_a62f0b92fbbe6be.lua	f02976834cc98b120279607d6114db84b18918fc4fe070976defb6afd00e8735	4272	renamed_existing_content	lua/source/global/Luafile_a62f0b92fbbe6be.lua	
a694acaa02d7170	1	global	global/Luafile_a694acaa02d7170.lua	f2687eb8b7e5bc9fbceee7c90495b7e23281da636e3d534d4c494244ba7d3587	4504	new_content	lua/source/global/Luafile_a694acaa02d7170.lua	
a78a60a52afc619	1	global	global/Luafile_a78a60a52afc619.lua	1d0759d77904883bdbe16e49bc5d4d77da4bfa67806978cfed5ca3dfe501e168	1251	renamed_existing_content	lua/source/global/Luafile_a78a60a52afc619.lua	
a8688942db255e5	1	global	global/Luafile_a8688942db255e5.lua	1696409a8d4f84b4bf048f3067c33d0574779fa559e62c4e01df8a810b11dec3	1731	renamed_existing_content	lua/source/global/Luafile_a8688942db255e5.lua	
a8ecd31a69dead1	1	global	global/Luafile_a8ecd31a69dead1.lua	d4fd767d752efe19f6f1a1ce99f0e7800e5869fb717011fe250119c7791b2044	2426	renamed_existing_content	lua/source/global/Luafile_a8ecd31a69dead1.lua	
a969e17b836091e	1	global	global/Luafile_a969e17b836091e.lua	39ffcd3fe1912be1e9e915dfdeba4fdb7db15ad3015044ec971556d74d46d326	2874	renamed_existing_content	lua/source/global/Luafile_a969e17b836091e.lua	
ab681f5b552a51d	1	global	global/Luafile_ab681f5b552a51d.lua	4e80dcf7d3fa281e6d2d31a4d7d94decff0f82de0c39925e12899dce1a9009c7	2966	renamed_existing_content	lua/source/global/Luafile_ab681f5b552a51d.lua	
ab72d5881906972	1	global	global/Luafile_ab72d5881906972.lua	a3905b07057183ca203af3c639f008e3d0b6217f5fdc62d9a1808b946223a515	8903	renamed_existing_content	lua/source/global/Luafile_ab72d5881906972.lua	
ac8e9adeda71947	1	global	global/Luafile_ac8e9adeda71947.lua	8f6dfed561fcda2455d52840a17da33daae0c336e6ec1a5a3c81234a2b5e1849	5610	renamed_existing_content	lua/source/global/Luafile_ac8e9adeda71947.lua	
af9a49ea4d725b9	1	frontend_ui	frontend_ui/Luafile_af9a49ea4d725b9.lua	276985e1e276993a844c46b873bcc28ec449557e42fe46567a94da9c3e7260b5	27180	unchanged_path	lua/source/frontend_ui/Luafile_af9a49ea4d725b9.lua	
b330b7aed4061ac	1	global	global/Luafile_b330b7aed4061ac.lua	a7a0688a09f925e31d5cea4014404b776cab90df7613728949c8f55f111c5f33	2482	renamed_existing_content	lua/source/global/Luafile_b330b7aed4061ac.lua	
b539f248a941e54	1	global	global/Luafile_b539f248a941e54.lua	eb2f23fad39a3cc87536b7b14c5d772fd8852bf172bea7bf28e4383cdb60bd44	3148	renamed_existing_content	lua/source/global/Luafile_b539f248a941e54.lua	
b57c7cc359b3b47	1	global	global/Luafile_b57c7cc359b3b47.lua	c0a3ffc2fa6e2069fc112bb0d4f1d895b21b47d3ef81c40de8747a4c1cbd3bb1	4147	renamed_existing_content	lua/source/global/Luafile_b57c7cc359b3b47.lua	
b57fbc7bd7407dd	1	global	global/Luafile_b57fbc7bd7407dd.lua	2cd633df25445a6384d8610ba4f2f114b953d39bd5510ebe7534a9223b64f358	2429	new_content	lua/source/global/Luafile_b57fbc7bd7407dd.lua	
b5f6fd705886914	1	global	global/Luafile_b5f6fd705886914.lua	acea667419f0cdbd578a351fefd0186e98fdd05c571835abaf2d24112d58e996	2548	renamed_existing_content	lua/source/global/Luafile_b5f6fd705886914.lua	
b7c8178f2d4b025	1	global	global/Luafile_b7c8178f2d4b025.lua	e4091803e185a8e30f71513eda98ac6fb6e689ec7443ab3730cbf6da83103083	3558	new_content	lua/source/global/Luafile_b7c8178f2d4b025.lua	
baf0da381c93934	1	global	global/Luafile_baf0da381c93934.lua	c0588679155d8aff151aef561108cc06b824fc631614a87fd26babea0e2e2f51	4440	renamed_existing_content	lua/source/global/Luafile_baf0da381c93934.lua	
bb3b30849c7e337	1	global	global/Luafile_bb3b30849c7e337.lua	4e4668ba537689373a6a3d51c3a114fbc7bce9c4310ff0c3ec02af62f562b495	3166	renamed_existing_content	lua/source/global/Luafile_bb3b30849c7e337.lua	
bc32e142bca140b	1	global	global/Luafile_bc32e142bca140b.lua	c185389d6b779dc00b67ebd82f9cc7f48ea4623d64c4b72396a601ecd506bf2c	2624	renamed_existing_content	lua/source/global/Luafile_bc32e142bca140b.lua	
bc9cc139b576035	1	global	global/Luafile_bc9cc139b576035.lua	a8926bc2eb539dc12ddbf92c8e73f199ba3681e9a5c7997e10cc05dfe0290767	1746	renamed_existing_content	lua/source/global/Luafile_bc9cc139b576035.lua	
bc9f9b1e6dfe84a	1	global	global/Luafile_bc9f9b1e6dfe84a.lua	10236c1a6055e3e798baeffe22567f1ad4c524411f2c997f30d7adfeed428864	2372	renamed_existing_content	lua/source/global/Luafile_bc9f9b1e6dfe84a.lua	
bfcc0c93c93886c	1	global	global/Luafile_bfcc0c93c93886c.lua	a46bb78312c3e322376471f335e90664bce2ad8d28e7fef8c6ddaaed4d0b0c71	7843	renamed_existing_content	lua/source/global/Luafile_bfcc0c93c93886c.lua	
c2262cf579b50b1	1	global	global/Luafile_c2262cf579b50b1.lua	0994d3d42b17f4c7d830946ed2af126b202ce6980321a751e6120f8ea5a0d225	1311	renamed_existing_content	lua/source/global/Luafile_c2262cf579b50b1.lua	
c2e7c52ec4a2250	1	global	global/Luafile_c2e7c52ec4a2250.lua	d19ebd071cfa4c22bc2fc1513442b43c10974fb59d95258ede4b0d3c26c47b0c	2531	renamed_existing_content	lua/source/global/Luafile_c2e7c52ec4a2250.lua	
c2f3c44f1f2333b	1	global	global/Luafile_c2f3c44f1f2333b.lua	97fbf14d1a685681b19f6842b32189d88025219602f2e182b9c61051954d7e47	3498	renamed_existing_content	lua/source/global/Luafile_c2f3c44f1f2333b.lua	
c449ef9f21691f2	1	global	global/Luafile_c449ef9f21691f2.lua	531bcb85af879a995ca40f7cceb33a101d1da7588b8a3d1633fca12f6206c3e9	2194	renamed_existing_content	lua/source/global/Luafile_c449ef9f21691f2.lua	
c4b20e8acf4eb2d	1	global	global/Luafile_c4b20e8acf4eb2d.lua	9b857fa90e2559136105983dd400b357b361363ce3ba834571046be08677bff3	3698	renamed_existing_content	lua/source/global/Luafile_c4b20e8acf4eb2d.lua	
c4b8af3e3c7fca3	1	global	global/Luafile_c4b8af3e3c7fca3.lua	93eca96d6ea26a45d84e03030b53246de7215909b00b735f09e2b162a7d286ad	3027	new_content	lua/source/global/Luafile_c4b8af3e3c7fca3.lua	
c4e08a0a644eace	1	global	global/Luafile_c4e08a0a644eace.lua	92c7584ec5044199410c731fdc28345e992e8db88187a1634fc55a3f2c9debda	98371	new_content	lua/source/global/Luafile_c4e08a0a644eace.lua	
c5231dc79266445	1	global	global/Luafile_c5231dc79266445.lua	4ef0e33d273a1c70dee33871ba2dce6bf866959f38fbef8bb6952c9155cf2913	3452	renamed_existing_content	lua/source/global/Luafile_c5231dc79266445.lua	
c55ce0d0778f15b	1	global	global/Luafile_c55ce0d0778f15b.lua	2293276220d831098f79c517e35a561a1ca64c4769ce38344dc68fe585afe782	4173	renamed_existing_content	lua/source/global/Luafile_c55ce0d0778f15b.lua	
c5ecba3f26d9d29	1	global	global/Luafile_c5ecba3f26d9d29.lua	db83004d982be57b8bc12768093302c97040e69ede0701eabf3097e810537986	2370	renamed_existing_content	lua/source/global/Luafile_c5ecba3f26d9d29.lua	
c652d6487a1cdab	1	global	global/Luafile_c652d6487a1cdab.lua	7491b9eafa677d2241dfaf9872af184610ac6bef1198cbfa90488c15b724696a	2924	renamed_existing_content	lua/source/global/Luafile_c652d6487a1cdab.lua	
c6a0eb284635623	1	global	global/Luafile_c6a0eb284635623.lua	61d7303ba43ee7f3a4522a7045019e690918f028eac387e6754253935f3e3058	4528	renamed_existing_content	lua/source/global/Luafile_c6a0eb284635623.lua	
c8e8a8b34ab2cb9	1	global	global/Luafile_c8e8a8b34ab2cb9.lua	27203e7a2d9569fdfc57695cf43f2f8e32d79736388cd28b698bb716f0720ef4	2000	renamed_existing_content	lua/source/global/Luafile_c8e8a8b34ab2cb9.lua	
c90d08b8ecc1ecd	1	global	global/Luafile_c90d08b8ecc1ecd.lua	a6caca12f9bf5ecc40de7fc16c9d14a2f81732f413d7302e13f67f2d28ec9b90	14207	new_content	lua/source/global/Luafile_c90d08b8ecc1ecd.lua	
cbe789c287c99e5	1	global	global/Luafile_cbe789c287c99e5.lua	9c59d08c749d23fc7fec9df9927a409282eccb5beefad0ca853292ce0c96489f	2445	renamed_existing_content	lua/source/global/Luafile_cbe789c287c99e5.lua	
cd5ca1ffd7f0237	1	global	global/Luafile_cd5ca1ffd7f0237.lua	5ffdb77ff461ad2047f940486ea857ea5bcfcf21a64d76b579f8d399273cff62	3604	renamed_existing_content	lua/source/global/Luafile_cd5ca1ffd7f0237.lua	
ce6fe9944394f88	1	global	global/Luafile_ce6fe9944394f88.lua	62731d435e40cae199af0139d27c838b7d6111f50913f1fb13f4c7abc5b77b1b	1379	renamed_existing_content	lua/source/global/Luafile_ce6fe9944394f88.lua	
cf52f857eef1078	1	global	global/Luafile_cf52f857eef1078.lua	2d938b16d6ade1ee466d097b27c7935f84c7474c23bb04a5a26be9578fb5b5ee	5562	renamed_existing_content	lua/source/global/Luafile_cf52f857eef1078.lua	
cfbf46547ce7da5	1	global	global/Luafile_cfbf46547ce7da5.lua	ef844123c15016d70386015801f0b7c0d32287bc3c9493f7995bb6875e7bf765	2269	renamed_existing_content	lua/source/global/Luafile_cfbf46547ce7da5.lua	
cfebf391fea626d	1	global	global/Luafile_cfebf391fea626d.lua	30bb78c6e957dffc45e4f3fac4f75f9578dd27be15e942a7e97ab33082facfee	4177	renamed_existing_content	lua/source/global/Luafile_cfebf391fea626d.lua	
d03ceddffc53ccf	1	global	global/Luafile_d03ceddffc53ccf.lua	c1e72c38b5a9de6c83a49eea4d59a8a2ae903ad1c8ca10b600d96bff171c8fbe	2427	renamed_existing_content	lua/source/global/Luafile_d03ceddffc53ccf.lua	
d1956e163970655	1	global	global/Luafile_d1956e163970655.lua	c7193cc7ec2a02e08e54f53f8d15fc3c51679b5e893cb9859601f529b884cc09	2071	renamed_existing_content	lua/source/global/Luafile_d1956e163970655.lua	
d1be92243772117	1	global	global/Luafile_d1be92243772117.lua	81071bb5ac358f5c37b19881c2ebb7ba570db615209cafa174f0fdcc34787295	4219	renamed_existing_content	lua/source/global/Luafile_d1be92243772117.lua	
d3e28ff853e79d7	1	global	global/Luafile_d3e28ff853e79d7.lua	f1a85d52fd0a83e2b84f2e5497cbe6fefcd5a3e5c7f881aa0e40fe1bfceabdfd	3137	renamed_existing_content	lua/source/global/Luafile_d3e28ff853e79d7.lua	
d4c2693c318319b	1	global	global/Luafile_d4c2693c318319b.lua	e5d62259962fdc7b06bc964f1e44f871b6a84b4420141d516d84c5545c81de26	1894	renamed_existing_content	lua/source/global/Luafile_d4c2693c318319b.lua	
d627ddff110d431	1	global	global/Luafile_d627ddff110d431.lua	282dd89efc6f646480fd96813400e3875ea2421ed4cd8a51d3bcfa3be7487bdd	3506	new_content	lua/source/global/Luafile_d627ddff110d431.lua	
d6307072174ebe2	1	global	global/Luafile_d6307072174ebe2.lua	8ba171049d42a86c36daf14514b3ba4c1b069816a283230936983266c0278403	2629	renamed_existing_content	lua/source/global/Luafile_d6307072174ebe2.lua	
d64bcea60b7ddc8	1	global	global/Luafile_d64bcea60b7ddc8.lua	9866268c48c3690296b1948d53fccaa57f44cfea84ffcf6e5fbdffb80e2eaa56	4217	new_content	lua/source/global/Luafile_d64bcea60b7ddc8.lua	
d80aeba05707955	1	global	global/Luafile_d80aeba05707955.lua	51db0176b8174e35b74445da50b796277f3a05217d2cc8f75313f0b0cd1e32e7	3153	renamed_existing_content	lua/source/global/Luafile_d80aeba05707955.lua	
d9eb02e155dbf19	1	global	global/Luafile_d9eb02e155dbf19.lua	368ee4d2b89bf7131985c2642eeb07b42af4c802cdde8a962829d9c045b349fc	2683	renamed_existing_content	lua/source/global/Luafile_d9eb02e155dbf19.lua	
d9efcfbb5a00c86	1	global	global/Luafile_d9efcfbb5a00c86.lua	3aedddd11f5add2dfd614953b364d0eb1e1a0781524e3c6dba7e61f6aac464e9	3865	renamed_existing_content	lua/source/global/Luafile_d9efcfbb5a00c86.lua	
da3e5d9caaf596e	1	global	global/Luafile_da3e5d9caaf596e.lua	44232f2e88d2d8fb5c7cda265ba6481c9c8ced219406084e031d136d8d0c48bb	2076	renamed_existing_content	lua/source/global/Luafile_da3e5d9caaf596e.lua	
da76fcbbff48de6	1	global	global/Luafile_da76fcbbff48de6.lua	c6382179932b46afd84d0705ccf6ad890e9522651f7a371e39fca1e099913e1b	2099	renamed_existing_content	lua/source/global/Luafile_da76fcbbff48de6.lua	
dad8567fff59308	1	global	global/Luafile_dad8567fff59308.lua	2b3e633acd49ab6e9b506113d5f070ef99427558d4d7637a05b4b12785120e24	2531	renamed_existing_content	lua/source/global/Luafile_dad8567fff59308.lua	
db9dd0160dc860a	1	global	global/Luafile_db9dd0160dc860a.lua	d935aaad81cd551174b12783022520e28ec7fe8c7a3b9fa4c617ca411841cfe8	2329	renamed_existing_content	lua/source/global/Luafile_db9dd0160dc860a.lua	
dba509ee3f95f2e	1	global	global/Luafile_dba509ee3f95f2e.lua	414c7d82f1dad1f89877bfac31f0be4d34bef2bda981e50d0564e18cd5a7676f	2727	renamed_existing_content	lua/source/global/Luafile_dba509ee3f95f2e.lua	
de341566665cf4a	1	global	global/Luafile_de341566665cf4a.lua	b794db93ce4ece46cc096aee4be981157137226c152a1b98ea92053fca8d8835	1503	renamed_existing_content	lua/source/global/Luafile_de341566665cf4a.lua	
e05f6a29fdf25a2	1	global	global/Luafile_e05f6a29fdf25a2.lua	df90881de146d6e51bd508110659f6f11ced67dc4fd27945589956cd8651eefd	2586	renamed_existing_content	lua/source/global/Luafile_e05f6a29fdf25a2.lua	
e297f25fe66f24d	1	global	global/Luafile_e297f25fe66f24d.lua	2caf69bde301645e66e83e8b28600640ad0219640fb3f6d60861c560eeae64fd	8172	renamed_existing_content	lua/source/global/Luafile_e297f25fe66f24d.lua	
e2a6bdfd088d707	1	global	global/Luafile_e2a6bdfd088d707.lua	9cebc993419a59037a405d5a33127e0ea517293cf3af2b72dd5fe2ac1acfcb55	4871	renamed_existing_content	lua/source/global/Luafile_e2a6bdfd088d707.lua	
e5a0dac230f3e23	1	global	global/Luafile_e5a0dac230f3e23.lua	8cf9bf5f451b26309209c8101ceae15f1c5bfce423ea409332dfa3529dfa1451	7194	new_content	lua/source/global/Luafile_e5a0dac230f3e23.lua	
e60ca8bdc253f9f	1	global	global/Luafile_e60ca8bdc253f9f.lua	2514ccba3d88cb0339c71bae465dee7ae12e78cd268ca54501c0367ed80f4de5	4625	renamed_existing_content	lua/source/global/Luafile_e60ca8bdc253f9f.lua	
e653a559fa2336a	1	global	global/Luafile_e653a559fa2336a.lua	ecef0a80251e677e72f958ed6d92b421631c0b759aa8d3a6de66d22faf497925	2536	renamed_existing_content	lua/source/global/Luafile_e653a559fa2336a.lua	
e674e93ac170205	1	global	global/Luafile_e674e93ac170205.lua	fbcb8c0ed5f2e9da380df46110f9e6f1eeb66cab2bd272033d6c9c2d392ef008	3964	renamed_existing_content	lua/source/global/Luafile_e674e93ac170205.lua	
e7485e3222ce00d	1	global	global/Luafile_e7485e3222ce00d.lua	c3c6cb7941dac1121a384ec58ec16786e8c081356eafc3485766f3d811786182	2895	renamed_existing_content	lua/source/global/Luafile_e7485e3222ce00d.lua	
e7a9938d5d83b0f	2	global	global/Luafile_e7a9938d5d83b0f.lua	93aca3441c39a8d8605662c74d39638885f635c694474f7843766e6ff210ad7b	4127	renamed_existing_content	lua/source/global/Luafile_e7a9938d5d83b0f.lua	
e7a9938d5d83b0f	2	global_stream_mp	global_stream_mp/Luafile_e7a9938d5d83b0f.lua	45dabdd9dfc29b035b321b9df01a49d0b0a4c5f77328412bc2271bda93efba62	4333	renamed_existing_content	lua/source/global_stream_mp/Luafile_e7a9938d5d83b0f.lua	
e7f6f6e36a90fb2	1	global	global/Luafile_e7f6f6e36a90fb2.lua	845f6f704ba0a2ef096934d34c3e6f08ac6ddcc18f84467f1c27a1792dd89905	2544	renamed_existing_content	lua/source/global/Luafile_e7f6f6e36a90fb2.lua	
e902504bcbb42ae	1	global	global/Luafile_e902504bcbb42ae.lua	61be963b1b16099d33697d2990008c91c52f01adfdf9823c11fd242696f195ea	5003	renamed_existing_content	lua/source/global/Luafile_e902504bcbb42ae.lua	
e92f045aaf11623	1	global	global/Luafile_e92f045aaf11623.lua	d8746b67d0a55dfa46cf9a61752c097d1eb288b6ed9ba345c58bf72034108af9	19051	renamed_existing_content	lua/source/global/Luafile_e92f045aaf11623.lua	
e9b6f0a0b8dae4b	1	global	global/Luafile_e9b6f0a0b8dae4b.lua	c9e2aa95defafe440850e049ef13bb3de213953f6663a99bb3a8f98ff19385f9	2713	renamed_existing_content	lua/source/global/Luafile_e9b6f0a0b8dae4b.lua	
ea28558f8880f61	1	global	global/Luafile_ea28558f8880f61.lua	3edaa64df57b24ede193905f7c0b73f239d06475cd2a1771daf0cf89ffbdc0a1	3239	renamed_existing_content	lua/source/global/Luafile_ea28558f8880f61.lua	
ea5c2dcdf6ba4e7	1	global	global/Luafile_ea5c2dcdf6ba4e7.lua	4bd8b9e9031895710ffe41caa1387d9059ec099508286ccc8c0fe114354211b6	4667	renamed_existing_content	lua/source/global/Luafile_ea5c2dcdf6ba4e7.lua	
edb6753ac6e7400	1	global	global/Luafile_edb6753ac6e7400.lua	adeb859c699c1216b3e34f1c1cfad3adca4afc24b17fad9a13344d54f7ee2a60	2501	renamed_existing_content	lua/source/global/Luafile_edb6753ac6e7400.lua	
ee1894487a18a27	1	global	global/Luafile_ee1894487a18a27.lua	97a14be81a03a00be0694a3317cdc2477d2a7764ad2ce00bcdc22184db048f0b	1368	renamed_existing_content	lua/source/global/Luafile_ee1894487a18a27.lua	
eead79594252b57	1	global	global/Luafile_eead79594252b57.lua	9903e26794ea52e3c2a95037e09ec315e9c6f63310cbfc34f11268aa4ee4d53b	4216	new_content	lua/source/global/Luafile_eead79594252b57.lua	
ef31607dc6156c8	1	global	global/Luafile_ef31607dc6156c8.lua	bda2dc284057fe0b5120a8d7dd6a009f2eb3ebd91e436280af5a2e716fbe9f27	173962	new_content	lua/source/global/Luafile_ef31607dc6156c8.lua	
f1a3a4661eb0629	1	global	global/Luafile_f1a3a4661eb0629.lua	9b5b415758f59ff3e34e6372893e949f561b2524c3ba4629cd3768079da6d5d2	2414	renamed_existing_content	lua/source/global/Luafile_f1a3a4661eb0629.lua	
f22d883cd614092	1	global	global/Luafile_f22d883cd614092.lua	dd530d59b6733959477a41ad0ee8dd844d1f80b73bc0c6796025a2cd43ca72fb	4676	renamed_existing_content	lua/source/global/Luafile_f22d883cd614092.lua	
f25192396be4555	1	global	global/Luafile_f25192396be4555.lua	0880fc73840ad93c3bd4d4428707f4fb58dead217bed5b78173f901e99b8fdf5	2464	renamed_existing_content	lua/source/global/Luafile_f25192396be4555.lua	
f2d050040dccac6	1	global	global/Luafile_f2d050040dccac6.lua	95ca1b6acd84345edddf9579cf90f1eda3c362ecd047b7b9b9c8ebcdb0ed7e67	2924	renamed_existing_content	lua/source/global/Luafile_f2d050040dccac6.lua	
f3b19061a7daaf0	1	global	global/Luafile_f3b19061a7daaf0.lua	251e0aa0a712aca82e8f5dca160df7adb20fc06dc81b2afd082eeeec9635f0bd	3708	renamed_existing_content	lua/source/global/Luafile_f3b19061a7daaf0.lua	
f54a283842312ae	1	global	global/Luafile_f54a283842312ae.lua	e3bab6b4a098541f41512d572d2439455d625839e85f214f21f172ba86c2f67d	2120	renamed_existing_content	lua/source/global/Luafile_f54a283842312ae.lua	
f67b91af65bf739	1	global	global/Luafile_f67b91af65bf739.lua	ea426b4869d8e76dd178e5ff0c915e0e9d86b1c6ab1319efc516810a877302d0	12325	renamed_existing_content	lua/source/global/Luafile_f67b91af65bf739.lua	
f68909813944252	1	global	global/Luafile_f68909813944252.lua	17d0628a789d13e6da6b3e86720dc5b7b851c4ad10246adb4e25ab34fe0a589e	4939	renamed_existing_content	lua/source/global/Luafile_f68909813944252.lua	
f7fba67eff317da	1	global	global/Luafile_f7fba67eff317da.lua	c6f1de2f3e9930342f9286a3349a3c04b51c5ed91c02279ccf391767730e5910	904	renamed_existing_content	lua/source/global/Luafile_f7fba67eff317da.lua	
f8b2dad3140dcbf	1	global	global/Luafile_f8b2dad3140dcbf.lua	988087e7787aba4dc8c359b63297847a8a8461326d44562a0a89c79c20a8100d	4244	renamed_existing_content	lua/source/global/Luafile_f8b2dad3140dcbf.lua	
fa84a5d56027236	1	global	global/Luafile_fa84a5d56027236.lua	e1aba85ec0e861bd5dca7c0cbdc592372131c170e6a0dc5d51a648fcd5b6e39b	3975	renamed_existing_content	lua/source/global/Luafile_fa84a5d56027236.lua	
fadb2e8dfaf5ab3	1	global	global/Luafile_fadb2e8dfaf5ab3.lua	13c88e72db718b882384d8ae4a48f3cf3819dfb7de566acf422cb3f2d2d69201	3520	new_content	lua/source/global/Luafile_fadb2e8dfaf5ab3.lua	
fb3e3784eac51e7	1	global	global/Luafile_fb3e3784eac51e7.lua	85b83fdecea191502dad4af787a2a4fb173d543f8b1203ec7b75d126155bce6a	2342	renamed_existing_content	lua/source/global/Luafile_fb3e3784eac51e7.lua	
fcd5baec4a4a35a	1	global	global/Luafile_fcd5baec4a4a35a.lua	dd3f7530cb0151ad1403861dae7590121ace89ab206843fe0dfa9ebf859cc2d1	5790	renamed_existing_content	lua/source/global/Luafile_fcd5baec4a4a35a.lua	
fce562be05a91ce	1	global	global/Luafile_fce562be05a91ce.lua	8ee642a67284fbd88c16ee749f1b9314d9f2f16c844125a7c492a692284e99af	2345	renamed_existing_content	lua/source/global/Luafile_fce562be05a91ce.lua	
fe0090c8c305f20	1	global	global/Luafile_fe0090c8c305f20.lua	54f9910392c0cd8a9713488d1afa65e634bcf2cad1a653bcbe158d7f81809efa	2332	renamed_existing_content	lua/source/global/Luafile_fe0090c8c305f20.lua	
fe2d83ed09d3a78	1	global	global/Luafile_fe2d83ed09d3a78.lua	547a8f0ca7160c371d51905a81dbc2d8de66d0656479b24de0e9879db7444cc3	3893	renamed_existing_content	lua/source/global/Luafile_fe2d83ed09d3a78.lua	
ff3c7a67b8fd53b	1	global	global/Luafile_ff3c7a67b8fd53b.lua	f0f0ed26cb10c3df818f714eefcb5e0e62ade8798b3ace7c3ea72c141f82d33e	8507	renamed_existing_content	lua/source/global/Luafile_ff3c7a67b8fd53b.lua	
